_initial_assets,vars,id,creation_time,failed,failed_reason,time_of_death,type,origin_id,network_id,contents,complete,node_id,participant_id,module_state_id,trial_maker_id,definition,finalized,is_repeat_trial,score,performance_reward,parent_trial_id,answer,propagate_failure,response_id,repeat_trial_index,n_repeat_trials,time_taken,time_credit_before_trial,time_credit_after_trial,time_credit_from_trial,progress_before_trial,progress_after_trial,async_post_trial_required,async_post_trial_requested,async_post_trial_complete,async_post_trial_failed,block_position,block,class,object_type,flow,transition,target_participant_id,group_id,round_index,counted_rounds,rounds_required,status,role,roles,offer,decision,deadline,feedback_until,last_round,total_score,totals,timeout_count,max_timeouts,completion_reason,coin_value_dollars,batch_id
{},{},10,2026-06-18 01:54:09,False,,,GameTrial,46,46,,True,46,5,12,ultimatum_trial_maker,"{""flow"": ""live_websocket"", ""transition"": ""random""}",True,False,0.0,0.0,,"{""type"": ""state_update"", ""target_participant_id"": 5, ""group_id"": 1, ""participant_id"": 5, ""round_index"": 25, ""counted_rounds"": 25, ""rounds_required"": 25, ""status"": ""complete"", ""role"": ""proposer"", ""roles"": {""2"": ""responder"", ""5"": ""proposer""}, ""offer"": 5, ""decision"": ""accept"", ""deadline"": null, ""feedback_until"": null, ""last_round"": {""round_index"": 25, ""skipped"": false, ""roles"": {""2"": ""responder"", ""5"": ""proposer""}, ""offer"": 5, ""decision"": ""accept"", ""payoffs"": {""2"": 5, ""5"": 5}, ""totals"": {""2"": 122, ""5"": 128}}, ""total_score"": 128, ""totals"": {""2"": 122, ""5"": 128}, ""timeout_count"": 0, ""max_timeouts"": 5, ""completion_reason"": ""Completed all counted rounds."", ""coin_value_dollars"": 0.005}",True,135,,,263.337,146.0,296.0,150.0,0.3466076696165192,0.7890855457227139,False,False,False,False,0,default,GameTrial,Info,live_websocket,random,5,1,25,25,25,complete,proposer,"{""2"": ""responder"", ""5"": ""proposer""}",5.0,accept,,,"{""round_index"": 25, ""skipped"": false, ""roles"": {""2"": ""responder"", ""5"": ""proposer""}, ""offer"": 5, ""decision"": ""accept"", ""payoffs"": {""2"": 5, ""5"": 5}, ""totals"": {""2"": 122, ""5"": 128}}",128,"{""2"": 122, ""5"": 128}",0,5,Completed all counted rounds.,0.005,batch-061702
{},{},11,2026-06-18 01:54:09,False,,,GameTrial,46,46,,True,46,2,11,ultimatum_trial_maker,"{""flow"": ""live_websocket"", ""transition"": ""random""}",True,False,0.0,0.0,,"{""type"": ""state_update"", ""target_participant_id"": 2, ""group_id"": 1, ""participant_id"": 2, ""round_index"": 25, ""counted_rounds"": 25, ""rounds_required"": 25, ""status"": ""complete"", ""role"": ""responder"", ""roles"": {""2"": ""responder"", ""5"": ""proposer""}, ""offer"": 5, ""decision"": ""accept"", ""deadline"": null, ""feedback_until"": null, ""last_round"": {""round_index"": 25, ""skipped"": false, ""roles"": {""2"": ""responder"", ""5"": ""proposer""}, ""offer"": 5, ""decision"": ""accept"", ""payoffs"": {""2"": 5, ""5"": 5}, ""totals"": {""2"": 122, ""5"": 128}}, ""total_score"": 122, ""totals"": {""2"": 122, ""5"": 128}, ""timeout_count"": 0, ""max_timeouts"": 5, ""completion_reason"": ""Completed all counted rounds."", ""coin_value_dollars"": 0.005}",True,134,,,264.673,98.5,248.5,150.0,0.3466076696165192,0.7890855457227139,False,False,False,False,0,default,GameTrial,Info,live_websocket,random,2,1,25,25,25,complete,responder,"{""2"": ""responder"", ""5"": ""proposer""}",5.0,accept,,,"{""round_index"": 25, ""skipped"": false, ""roles"": {""2"": ""responder"", ""5"": ""proposer""}, ""offer"": 5, ""decision"": ""accept"", ""payoffs"": {""2"": 5, ""5"": 5}, ""totals"": {""2"": 122, ""5"": 128}}",122,"{""2"": 122, ""5"": 128}",0,5,Completed all counted rounds.,0.005,batch-061702
{},{},17,2026-06-18 01:54:38,False,,,GameTrial,47,47,,True,47,6,18,ultimatum_trial_maker,"{""flow"": ""live_websocket"", ""transition"": ""random""}",True,False,0.0,0.0,,"{""type"": ""state_update"", ""target_participant_id"": 6, ""group_id"": 2, ""participant_id"": 6, ""round_index"": 25, ""counted_rounds"": 25, ""rounds_required"": 25, ""status"": ""complete"", ""role"": ""proposer"", ""roles"": {""3"": ""responder"", ""6"": ""proposer""}, ""offer"": 4, ""decision"": ""reject"", ""deadline"": null, ""feedback_until"": null, ""last_round"": {""round_index"": 25, ""skipped"": false, ""roles"": {""3"": ""responder"", ""6"": ""proposer""}, ""offer"": 4, ""decision"": ""reject"", ""payoffs"": {""3"": 0, ""6"": 0}, ""totals"": {""3"": 66, ""6"": 74}}, ""total_score"": 74, ""totals"": {""3"": 66, ""6"": 74}, ""timeout_count"": 0, ""max_timeouts"": 5, ""completion_reason"": ""Completed all counted rounds."", ""coin_value_dollars"": 0.005}",True,149,,,253.979,98.0,248.0,150.0,0.3466076696165192,0.7890855457227139,False,False,False,False,0,default,GameTrial,Info,live_websocket,random,6,2,25,25,25,complete,proposer,"{""3"": ""responder"", ""6"": ""proposer""}",4.0,reject,,,"{""round_index"": 25, ""skipped"": false, ""roles"": {""3"": ""responder"", ""6"": ""proposer""}, ""offer"": 4, ""decision"": ""reject"", ""payoffs"": {""3"": 0, ""6"": 0}, ""totals"": {""3"": 66, ""6"": 74}}",74,"{""3"": 66, ""6"": 74}",0,5,Completed all counted rounds.,0.005,batch-061702
{},{},18,2026-06-18 01:54:38,False,,,GameTrial,47,47,,True,47,3,17,ultimatum_trial_maker,"{""flow"": ""live_websocket"", ""transition"": ""random""}",True,False,0.0,0.0,,"{""type"": ""state_update"", ""target_participant_id"": 3, ""group_id"": 2, ""participant_id"": 3, ""round_index"": 25, ""counted_rounds"": 25, ""rounds_required"": 25, ""status"": ""complete"", ""role"": ""responder"", ""roles"": {""3"": ""responder"", ""6"": ""proposer""}, ""offer"": 4, ""decision"": ""reject"", ""deadline"": null, ""feedback_until"": null, ""last_round"": {""round_index"": 25, ""skipped"": false, ""roles"": {""3"": ""responder"", ""6"": ""proposer""}, ""offer"": 4, ""decision"": ""reject"", ""payoffs"": {""3"": 0, ""6"": 0}, ""totals"": {""3"": 66, ""6"": 74}}, ""total_score"": 66, ""totals"": {""3"": 66, ""6"": 74}, ""timeout_count"": 0, ""max_timeouts"": 5, ""completion_reason"": ""Completed all counted rounds."", ""coin_value_dollars"": 0.005}",True,148,,,253.542,114.5,264.5,150.0,0.3466076696165192,0.7890855457227139,False,False,False,False,0,default,GameTrial,Info,live_websocket,random,3,2,25,25,25,complete,responder,"{""3"": ""responder"", ""6"": ""proposer""}",4.0,reject,,,"{""round_index"": 25, ""skipped"": false, ""roles"": {""3"": ""responder"", ""6"": ""proposer""}, ""offer"": 4, ""decision"": ""reject"", ""payoffs"": {""3"": 0, ""6"": 0}, ""totals"": {""3"": 66, ""6"": 74}}",66,"{""3"": 66, ""6"": 74}",0,5,Completed all counted rounds.,0.005,batch-061702
{},{},24,2026-06-18 01:55:51,False,,,GameTrial,48,48,,True,48,9,26,ultimatum_trial_maker,"{""flow"": ""live_websocket"", ""transition"": ""random""}",True,False,0.0,0.0,,"{""type"": ""state_update"", ""target_participant_id"": 9, ""group_id"": 4, ""participant_id"": 9, ""round_index"": 25, ""counted_rounds"": 25, ""rounds_required"": 25, ""status"": ""complete"", ""role"": ""proposer"", ""roles"": {""8"": ""responder"", ""9"": ""proposer""}, ""offer"": 3, ""decision"": ""accept"", ""deadline"": null, ""feedback_until"": null, ""last_round"": {""round_index"": 25, ""skipped"": false, ""roles"": {""8"": ""responder"", ""9"": ""proposer""}, ""offer"": 3, ""decision"": ""accept"", ""payoffs"": {""8"": 3, ""9"": 7}, ""totals"": {""8"": 83, ""9"": 87}}, ""total_score"": 87, ""totals"": {""8"": 83, ""9"": 87}, ""timeout_count"": 0, ""max_timeouts"": 5, ""completion_reason"": ""Completed all counted rounds."", ""coin_value_dollars"": 0.005}",True,212,,,272.132,98.0,248.0,150.0,0.3466076696165192,0.7890855457227139,False,False,False,False,0,default,GameTrial,Info,live_websocket,random,9,4,25,25,25,complete,proposer,"{""8"": ""responder"", ""9"": ""proposer""}",3.0,accept,,,"{""round_index"": 25, ""skipped"": false, ""roles"": {""8"": ""responder"", ""9"": ""proposer""}, ""offer"": 3, ""decision"": ""accept"", ""payoffs"": {""8"": 3, ""9"": 7}, ""totals"": {""8"": 83, ""9"": 87}}",87,"{""8"": 83, ""9"": 87}",0,5,Completed all counted rounds.,0.005,batch-061702
{},{},25,2026-06-18 01:55:51,False,,,GameTrial,48,48,,True,48,8,27,ultimatum_trial_maker,"{""flow"": ""live_websocket"", ""transition"": ""random""}",True,False,0.0,0.0,,"{""type"": ""state_update"", ""target_participant_id"": 8, ""group_id"": 4, ""participant_id"": 8, ""round_index"": 25, ""counted_rounds"": 25, ""rounds_required"": 25, ""status"": ""complete"", ""role"": ""responder"", ""roles"": {""8"": ""responder"", ""9"": ""proposer""}, ""offer"": 3, ""decision"": ""accept"", ""deadline"": null, ""feedback_until"": null, ""last_round"": {""round_index"": 25, ""skipped"": false, ""roles"": {""8"": ""responder"", ""9"": ""proposer""}, ""offer"": 3, ""decision"": ""accept"", ""payoffs"": {""8"": 3, ""9"": 7}, ""totals"": {""8"": 83, ""9"": 87}}, ""total_score"": 83, ""totals"": {""8"": 83, ""9"": 87}, ""timeout_count"": 0, ""max_timeouts"": 5, ""completion_reason"": ""Completed all counted rounds."", ""coin_value_dollars"": 0.005}",True,213,,,268.858,114.0,264.0,150.0,0.3466076696165192,0.7890855457227139,False,False,False,False,0,default,GameTrial,Info,live_websocket,random,8,4,25,25,25,complete,responder,"{""8"": ""responder"", ""9"": ""proposer""}",3.0,accept,,,"{""round_index"": 25, ""skipped"": false, ""roles"": {""8"": ""responder"", ""9"": ""proposer""}, ""offer"": 3, ""decision"": ""accept"", ""payoffs"": {""8"": 3, ""9"": 7}, ""totals"": {""8"": 83, ""9"": 87}}",83,"{""8"": 83, ""9"": 87}",0,5,Completed all counted rounds.,0.005,batch-061702
{},{},28,2026-06-18 01:56:36,False,,,GameTrial,49,49,,True,49,10,32,ultimatum_trial_maker,"{""flow"": ""live_websocket"", ""transition"": ""random""}",True,False,0.0,0.0,,"{""type"": ""state_update"", ""target_participant_id"": 10, ""group_id"": 5, ""participant_id"": 10, ""round_index"": 25, ""counted_rounds"": 25, ""rounds_required"": 25, ""status"": ""complete"", ""role"": ""proposer"", ""roles"": {""10"": ""proposer"", ""11"": ""responder""}, ""offer"": 5, ""decision"": ""accept"", ""deadline"": null, ""feedback_until"": null, ""last_round"": {""round_index"": 25, ""skipped"": false, ""roles"": {""10"": ""proposer"", ""11"": ""responder""}, ""offer"": 5, ""decision"": ""accept"", ""payoffs"": {""10"": 5, ""11"": 5}, ""totals"": {""10"": 125, ""11"": 125}}, ""total_score"": 125, ""totals"": {""10"": 125, ""11"": 125}, ""timeout_count"": 0, ""max_timeouts"": 5, ""completion_reason"": ""Completed all counted rounds."", ""coin_value_dollars"": 0.005}",True,249,,,247.157,98.0,248.0,150.0,0.3466076696165192,0.7890855457227139,False,False,False,False,0,default,GameTrial,Info,live_websocket,random,10,5,25,25,25,complete,proposer,"{""10"": ""proposer"", ""11"": ""responder""}",5.0,accept,,,"{""round_index"": 25, ""skipped"": false, ""roles"": {""10"": ""proposer"", ""11"": ""responder""}, ""offer"": 5, ""decision"": ""accept"", ""payoffs"": {""10"": 5, ""11"": 5}, ""totals"": {""10"": 125, ""11"": 125}}",125,"{""10"": 125, ""11"": 125}",0,5,Completed all counted rounds.,0.005,batch-061702
{},{},29,2026-06-18 01:56:36,False,,,GameTrial,49,49,,True,49,11,31,ultimatum_trial_maker,"{""flow"": ""live_websocket"", ""transition"": ""random""}",True,False,0.0,0.0,,"{""type"": ""state_update"", ""target_participant_id"": 11, ""group_id"": 5, ""participant_id"": 11, ""round_index"": 25, ""counted_rounds"": 25, ""rounds_required"": 25, ""status"": ""complete"", ""role"": ""responder"", ""roles"": {""10"": ""proposer"", ""11"": ""responder""}, ""offer"": 5, ""decision"": ""accept"", ""deadline"": null, ""feedback_until"": null, ""last_round"": {""round_index"": 25, ""skipped"": false, ""roles"": {""10"": ""proposer"", ""11"": ""responder""}, ""offer"": 5, ""decision"": ""accept"", ""payoffs"": {""10"": 5, ""11"": 5}, ""totals"": {""10"": 125, ""11"": 125}}, ""total_score"": 125, ""totals"": {""10"": 125, ""11"": 125}, ""timeout_count"": 0, ""max_timeouts"": 5, ""completion_reason"": ""Completed all counted rounds."", ""coin_value_dollars"": 0.005}",True,247,,,250.962,98.5,248.5,150.0,0.3466076696165192,0.7890855457227139,False,False,False,False,0,default,GameTrial,Info,live_websocket,random,11,5,25,25,25,complete,responder,"{""10"": ""proposer"", ""11"": ""responder""}",5.0,accept,,,"{""round_index"": 25, ""skipped"": false, ""roles"": {""10"": ""proposer"", ""11"": ""responder""}, ""offer"": 5, ""decision"": ""accept"", ""payoffs"": {""10"": 5, ""11"": 5}, ""totals"": {""10"": 125, ""11"": 125}}",125,"{""10"": 125, ""11"": 125}",0,5,Completed all counted rounds.,0.005,batch-061702
{},{},49,2026-06-18 01:58:14,True,response_timeout,2026-06-18 02:03:27,GameTrial,50,50,,True,50,12,41,ultimatum_trial_maker,"{""flow"": ""live_websocket"", ""transition"": ""random""}",False,False,,,,"{""type"": ""state_update"", ""target_participant_id"": 12, ""group_id"": 6, ""participant_id"": 12, ""round_index"": 25, ""counted_rounds"": 25, ""rounds_required"": 25, ""status"": ""complete"", ""role"": ""responder"", ""roles"": {""12"": ""responder"", ""15"": ""proposer""}, ""offer"": 5, ""decision"": ""accept"", ""deadline"": null, ""feedback_until"": null, ""last_round"": {""round_index"": 25, ""skipped"": false, ""roles"": {""12"": ""responder"", ""15"": ""proposer""}, ""offer"": 5, ""decision"": ""accept"", ""payoffs"": {""12"": 5, ""15"": 5}, ""totals"": {""12"": 125, ""15"": 125}}, ""total_score"": 125, ""totals"": {""12"": 125, ""15"": 125}, ""timeout_count"": 0, ""max_timeouts"": 5, ""completion_reason"": ""Completed all counted rounds."", ""coin_value_dollars"": 0.005}",True,356,,,331.159,218.0,368.0,150.0,0.3466076696165192,0.7890855457227139,False,False,False,False,0,default,GameTrial,Info,live_websocket,random,12,6,25,25,25,complete,responder,"{""12"": ""responder"", ""15"": ""proposer""}",5.0,accept,,,"{""round_index"": 25, ""skipped"": false, ""roles"": {""12"": ""responder"", ""15"": ""proposer""}, ""offer"": 5, ""decision"": ""accept"", ""payoffs"": {""12"": 5, ""15"": 5}, ""totals"": {""12"": 125, ""15"": 125}}",125,"{""12"": 125, ""15"": 125}",0,5,Completed all counted rounds.,0.005,batch-061702
{},{},50,2026-06-18 01:58:14,True,response_timeout,2026-06-18 02:03:27,GameTrial,50,50,,True,50,15,40,ultimatum_trial_maker,"{""flow"": ""live_websocket"", ""transition"": ""random""}",False,False,,,,"{""type"": ""state_update"", ""target_participant_id"": 15, ""group_id"": 6, ""participant_id"": 15, ""round_index"": 25, ""counted_rounds"": 25, ""rounds_required"": 25, ""status"": ""complete"", ""role"": ""proposer"", ""roles"": {""12"": ""responder"", ""15"": ""proposer""}, ""offer"": 5, ""decision"": ""accept"", ""deadline"": null, ""feedback_until"": null, ""last_round"": {""round_index"": 25, ""skipped"": false, ""roles"": {""12"": ""responder"", ""15"": ""proposer""}, ""offer"": 5, ""decision"": ""accept"", ""payoffs"": {""12"": 5, ""15"": 5}, ""totals"": {""12"": 125, ""15"": 125}}, ""total_score"": 125, ""totals"": {""12"": 125, ""15"": 125}, ""timeout_count"": 0, ""max_timeouts"": 5, ""completion_reason"": ""Completed all counted rounds."", ""coin_value_dollars"": 0.005}",True,355,,,331.052,99.0,249.0,150.0,0.3466076696165192,0.7890855457227139,False,False,False,False,0,default,GameTrial,Info,live_websocket,random,15,6,25,25,25,complete,proposer,"{""12"": ""responder"", ""15"": ""proposer""}",5.0,accept,,,"{""round_index"": 25, ""skipped"": false, ""roles"": {""12"": ""responder"", ""15"": ""proposer""}, ""offer"": 5, ""decision"": ""accept"", ""payoffs"": {""12"": 5, ""15"": 5}, ""totals"": {""12"": 125, ""15"": 125}}",125,"{""12"": 125, ""15"": 125}",0,5,Completed all counted rounds.,0.005,batch-061702
{},{},60,2026-06-18 01:58:56,True,response_timeout,2026-06-18 02:04:27,GameTrial,52,51,,True,52,14,47,ultimatum_trial_maker,"{""flow"": ""live_websocket"", ""transition"": ""random""}",False,False,,,,"{""type"": ""state_update"", ""target_participant_id"": 14, ""group_id"": 7, ""participant_id"": 14, ""round_index"": 25, ""counted_rounds"": 25, ""rounds_required"": 25, ""status"": ""complete"", ""role"": ""proposer"", ""roles"": {""14"": ""proposer"", ""16"": ""responder""}, ""offer"": 6, ""decision"": ""accept"", ""deadline"": null, ""feedback_until"": null, ""last_round"": {""round_index"": 25, ""skipped"": false, ""roles"": {""14"": ""proposer"", ""16"": ""responder""}, ""offer"": 6, ""decision"": ""accept"", ""payoffs"": {""14"": 4, ""16"": 6}, ""totals"": {""14"": 133, ""16"": 117}}, ""total_score"": 133, ""totals"": {""14"": 133, ""16"": 117}, ""timeout_count"": 0, ""max_timeouts"": 5, ""completion_reason"": ""Completed all counted rounds."", ""coin_value_dollars"": 0.005}",True,398,,,353.16700000000003,162.0,312.0,150.0,0.3466076696165192,0.7890855457227139,False,False,False,False,0,default,GameTrial,Info,live_websocket,random,14,7,25,25,25,complete,proposer,"{""14"": ""proposer"", ""16"": ""responder""}",6.0,accept,,,"{""round_index"": 25, ""skipped"": false, ""roles"": {""14"": ""proposer"", ""16"": ""responder""}, ""offer"": 6, ""decision"": ""accept"", ""payoffs"": {""14"": 4, ""16"": 6}, ""totals"": {""14"": 133, ""16"": 117}}",133,"{""14"": 133, ""16"": 117}",0,5,Completed all counted rounds.,0.005,batch-061702
{},{},61,2026-06-18 01:58:56,True,response_timeout,2026-06-18 02:04:27,GameTrial,52,51,,True,52,16,48,ultimatum_trial_maker,"{""flow"": ""live_websocket"", ""transition"": ""random""}",False,False,,,,"{""type"": ""state_update"", ""target_participant_id"": 16, ""group_id"": 7, ""participant_id"": 16, ""round_index"": 25, ""counted_rounds"": 25, ""rounds_required"": 25, ""status"": ""complete"", ""role"": ""responder"", ""roles"": {""14"": ""proposer"", ""16"": ""responder""}, ""offer"": 6, ""decision"": ""accept"", ""deadline"": null, ""feedback_until"": null, ""last_round"": {""round_index"": 25, ""skipped"": false, ""roles"": {""14"": ""proposer"", ""16"": ""responder""}, ""offer"": 6, ""decision"": ""accept"", ""payoffs"": {""14"": 4, ""16"": 6}, ""totals"": {""14"": 133, ""16"": 117}}, ""total_score"": 117, ""totals"": {""14"": 133, ""16"": 117}, ""timeout_count"": 0, ""max_timeouts"": 5, ""completion_reason"": ""Completed all counted rounds."", ""coin_value_dollars"": 0.005}",True,399,,,351.91900000000004,98.0,248.0,150.0,0.3466076696165192,0.7890855457227139,False,False,False,False,0,default,GameTrial,Info,live_websocket,random,16,7,25,25,25,complete,responder,"{""14"": ""proposer"", ""16"": ""responder""}",6.0,accept,,,"{""round_index"": 25, ""skipped"": false, ""roles"": {""14"": ""proposer"", ""16"": ""responder""}, ""offer"": 6, ""decision"": ""accept"", ""payoffs"": {""14"": 4, ""16"": 6}, ""totals"": {""14"": 133, ""16"": 117}}",117,"{""14"": 133, ""16"": 117}",0,5,Completed all counted rounds.,0.005,batch-061702
{},{},75,2026-06-18 01:59:48,False,,,GameTrial,54,52,,True,54,18,57,ultimatum_trial_maker,"{""flow"": ""live_websocket"", ""transition"": ""random""}",True,False,0.0,0.0,,"{""type"": ""state_update"", ""target_participant_id"": 18, ""group_id"": 8, ""participant_id"": 18, ""round_index"": 25, ""counted_rounds"": 25, ""rounds_required"": 25, ""status"": ""complete"", ""role"": ""proposer"", ""roles"": {""17"": ""responder"", ""18"": ""proposer""}, ""offer"": 4, ""decision"": ""accept"", ""deadline"": null, ""feedback_until"": null, ""last_round"": {""round_index"": 25, ""skipped"": false, ""roles"": {""17"": ""responder"", ""18"": ""proposer""}, ""offer"": 4, ""decision"": ""accept"", ""payoffs"": {""17"": 4, ""18"": 6}, ""totals"": {""17"": 124, ""18"": 126}}, ""total_score"": 126, ""totals"": {""17"": 124, ""18"": 126}, ""timeout_count"": 0, ""max_timeouts"": 5, ""completion_reason"": ""Completed all counted rounds."", ""coin_value_dollars"": 0.005}",True,315,,,183.126,98.0,248.0,150.0,0.3466076696165192,0.7890855457227139,False,False,False,False,0,default,GameTrial,Info,live_websocket,random,18,8,25,25,25,complete,proposer,"{""17"": ""responder"", ""18"": ""proposer""}",4.0,accept,,,"{""round_index"": 25, ""skipped"": false, ""roles"": {""17"": ""responder"", ""18"": ""proposer""}, ""offer"": 4, ""decision"": ""accept"", ""payoffs"": {""17"": 4, ""18"": 6}, ""totals"": {""17"": 124, ""18"": 126}}",126,"{""17"": 124, ""18"": 126}",0,5,Completed all counted rounds.,0.005,batch-061702
{},{},76,2026-06-18 01:59:48,False,,,GameTrial,54,52,,True,54,17,56,ultimatum_trial_maker,"{""flow"": ""live_websocket"", ""transition"": ""random""}",True,False,0.0,0.0,,"{""type"": ""state_update"", ""target_participant_id"": 17, ""group_id"": 8, ""participant_id"": 17, ""round_index"": 25, ""counted_rounds"": 25, ""rounds_required"": 25, ""status"": ""complete"", ""role"": ""responder"", ""roles"": {""17"": ""responder"", ""18"": ""proposer""}, ""offer"": 4, ""decision"": ""accept"", ""deadline"": null, ""feedback_until"": null, ""last_round"": {""round_index"": 25, ""skipped"": false, ""roles"": {""17"": ""responder"", ""18"": ""proposer""}, ""offer"": 4, ""decision"": ""accept"", ""payoffs"": {""17"": 4, ""18"": 6}, ""totals"": {""17"": 124, ""18"": 126}}, ""total_score"": 124, ""totals"": {""17"": 124, ""18"": 126}, ""timeout_count"": 0, ""max_timeouts"": 5, ""completion_reason"": ""Completed all counted rounds."", ""coin_value_dollars"": 0.005}",True,316,,,183.441,186.5,336.5,150.0,0.3466076696165192,0.7890855457227139,False,False,False,False,0,default,GameTrial,Info,live_websocket,random,17,8,25,25,25,complete,responder,"{""17"": ""responder"", ""18"": ""proposer""}",4.0,accept,,,"{""round_index"": 25, ""skipped"": false, ""roles"": {""17"": ""responder"", ""18"": ""proposer""}, ""offer"": 4, ""decision"": ""accept"", ""payoffs"": {""17"": 4, ""18"": 6}, ""totals"": {""17"": 124, ""18"": 126}}",124,"{""17"": 124, ""18"": 126}",0,5,Completed all counted rounds.,0.005,batch-061702
{},{},80,2026-06-18 02:00:27,False,,,GameTrial,56,53,,True,56,21,62,ultimatum_trial_maker,"{""flow"": ""live_websocket"", ""transition"": ""random""}",True,False,0.0,0.0,,"{""type"": ""state_update"", ""target_participant_id"": 21, ""group_id"": 10, ""participant_id"": 21, ""round_index"": 25, ""counted_rounds"": 25, ""rounds_required"": 25, ""status"": ""complete"", ""role"": ""proposer"", ""roles"": {""20"": ""responder"", ""21"": ""proposer""}, ""offer"": 5, ""decision"": ""accept"", ""deadline"": null, ""feedback_until"": null, ""last_round"": {""round_index"": 25, ""skipped"": false, ""roles"": {""20"": ""responder"", ""21"": ""proposer""}, ""offer"": 5, ""decision"": ""accept"", ""payoffs"": {""20"": 5, ""21"": 5}, ""totals"": {""20"": 165, ""21"": 85}}, ""total_score"": 85, ""totals"": {""20"": 165, ""21"": 85}, ""timeout_count"": 0, ""max_timeouts"": 5, ""completion_reason"": ""Completed all counted rounds."", ""coin_value_dollars"": 0.005}",True,401,,,263.94500000000005,98.5,248.5,150.0,0.3466076696165192,0.7890855457227139,False,False,False,False,0,default,GameTrial,Info,live_websocket,random,21,10,25,25,25,complete,proposer,"{""20"": ""responder"", ""21"": ""proposer""}",5.0,accept,,,"{""round_index"": 25, ""skipped"": false, ""roles"": {""20"": ""responder"", ""21"": ""proposer""}, ""offer"": 5, ""decision"": ""accept"", ""payoffs"": {""20"": 5, ""21"": 5}, ""totals"": {""20"": 165, ""21"": 85}}",85,"{""20"": 165, ""21"": 85}",0,5,Completed all counted rounds.,0.005,batch-061702
{},{},81,2026-06-18 02:00:27,False,,,GameTrial,56,53,,True,56,20,63,ultimatum_trial_maker,"{""flow"": ""live_websocket"", ""transition"": ""random""}",True,False,0.0,0.0,,"{""type"": ""state_update"", ""target_participant_id"": 20, ""group_id"": 10, ""participant_id"": 20, ""round_index"": 25, ""counted_rounds"": 25, ""rounds_required"": 25, ""status"": ""complete"", ""role"": ""responder"", ""roles"": {""20"": ""responder"", ""21"": ""proposer""}, ""offer"": 5, ""decision"": ""accept"", ""deadline"": null, ""feedback_until"": null, ""last_round"": {""round_index"": 25, ""skipped"": false, ""roles"": {""20"": ""responder"", ""21"": ""proposer""}, ""offer"": 5, ""decision"": ""accept"", ""payoffs"": {""20"": 5, ""21"": 5}, ""totals"": {""20"": 165, ""21"": 85}}, ""total_score"": 165, ""totals"": {""20"": 165, ""21"": 85}, ""timeout_count"": 0, ""max_timeouts"": 5, ""completion_reason"": ""Completed all counted rounds."", ""coin_value_dollars"": 0.005}",True,403,,,263.79699999999997,98.0,248.0,150.0,0.3466076696165192,0.7890855457227139,False,False,False,False,0,default,GameTrial,Info,live_websocket,random,20,10,25,25,25,complete,responder,"{""20"": ""responder"", ""21"": ""proposer""}",5.0,accept,,,"{""round_index"": 25, ""skipped"": false, ""roles"": {""20"": ""responder"", ""21"": ""proposer""}, ""offer"": 5, ""decision"": ""accept"", ""payoffs"": {""20"": 5, ""21"": 5}, ""totals"": {""20"": 165, ""21"": 85}}",165,"{""20"": 165, ""21"": 85}",0,5,Completed all counted rounds.,0.005,batch-061702
{},{},83,2026-06-18 02:00:32,False,,,GameTrial,57,54,,True,57,23,66,ultimatum_trial_maker,"{""flow"": ""live_websocket"", ""transition"": ""random""}",True,False,0.0,0.0,,"{""type"": ""state_update"", ""target_participant_id"": 23, ""group_id"": 9, ""participant_id"": 23, ""round_index"": 26, ""counted_rounds"": 25, ""rounds_required"": 25, ""status"": ""complete"", ""role"": ""proposer"", ""roles"": {""22"": ""responder"", ""23"": ""proposer""}, ""offer"": 3, ""decision"": ""reject"", ""deadline"": null, ""feedback_until"": null, ""last_round"": {""round_index"": 26, ""skipped"": false, ""roles"": {""22"": ""responder"", ""23"": ""proposer""}, ""offer"": 3, ""decision"": ""reject"", ""payoffs"": {""22"": 0, ""23"": 0}, ""totals"": {""22"": 120, ""23"": 70}}, ""total_score"": 70, ""totals"": {""22"": 120, ""23"": 70}, ""timeout_count"": 1, ""max_timeouts"": 5, ""completion_reason"": ""Completed all counted rounds."", ""coin_value_dollars"": 0.005}",True,480,,,336.086,98.0,248.0,150.0,0.3466076696165192,0.7890855457227139,False,False,False,False,0,default,GameTrial,Info,live_websocket,random,23,9,26,25,25,complete,proposer,"{""22"": ""responder"", ""23"": ""proposer""}",3.0,reject,,,"{""round_index"": 26, ""skipped"": false, ""roles"": {""22"": ""responder"", ""23"": ""proposer""}, ""offer"": 3, ""decision"": ""reject"", ""payoffs"": {""22"": 0, ""23"": 0}, ""totals"": {""22"": 120, ""23"": 70}}",70,"{""22"": 120, ""23"": 70}",1,5,Completed all counted rounds.,0.005,batch-061702
{},{},84,2026-06-18 02:00:32,False,,,GameTrial,57,54,,True,57,22,64,ultimatum_trial_maker,"{""flow"": ""live_websocket"", ""transition"": ""random""}",True,False,0.0,0.0,,"{""type"": ""state_update"", ""target_participant_id"": 22, ""group_id"": 9, ""participant_id"": 22, ""round_index"": 26, ""counted_rounds"": 25, ""rounds_required"": 25, ""status"": ""complete"", ""role"": ""responder"", ""roles"": {""22"": ""responder"", ""23"": ""proposer""}, ""offer"": 3, ""decision"": ""reject"", ""deadline"": null, ""feedback_until"": null, ""last_round"": {""round_index"": 26, ""skipped"": false, ""roles"": {""22"": ""responder"", ""23"": ""proposer""}, ""offer"": 3, ""decision"": ""reject"", ""payoffs"": {""22"": 0, ""23"": 0}, ""totals"": {""22"": 120, ""23"": 70}}, ""total_score"": 120, ""totals"": {""22"": 120, ""23"": 70}, ""timeout_count"": 1, ""max_timeouts"": 5, ""completion_reason"": ""Completed all counted rounds."", ""coin_value_dollars"": 0.005}",True,479,,,338.88599999999997,99.0,249.0,150.0,0.3466076696165192,0.7890855457227139,False,False,False,False,0,default,GameTrial,Info,live_websocket,random,22,9,26,25,25,complete,responder,"{""22"": ""responder"", ""23"": ""proposer""}",3.0,reject,,,"{""round_index"": 26, ""skipped"": false, ""roles"": {""22"": ""responder"", ""23"": ""proposer""}, ""offer"": 3, ""decision"": ""reject"", ""payoffs"": {""22"": 0, ""23"": 0}, ""totals"": {""22"": 120, ""23"": 70}}",120,"{""22"": 120, ""23"": 70}",1,5,Completed all counted rounds.,0.005,batch-061702
{},{},88,2026-06-18 02:00:47,False,,,GameTrial,58,55,,True,58,24,72,ultimatum_trial_maker,"{""flow"": ""live_websocket"", ""transition"": ""random""}",True,False,0.0,0.0,,"{""type"": ""state_update"", ""target_participant_id"": 24, ""group_id"": 11, ""participant_id"": 24, ""round_index"": 25, ""counted_rounds"": 25, ""rounds_required"": 25, ""status"": ""complete"", ""role"": ""proposer"", ""roles"": {""19"": ""responder"", ""24"": ""proposer""}, ""offer"": 5, ""decision"": ""reject"", ""deadline"": null, ""feedback_until"": null, ""last_round"": {""round_index"": 25, ""skipped"": false, ""roles"": {""19"": ""responder"", ""24"": ""proposer""}, ""offer"": 5, ""decision"": ""reject"", ""payoffs"": {""19"": 0, ""24"": 0}, ""totals"": {""19"": 29, ""24"": 21}}, ""total_score"": 21, ""totals"": {""19"": 29, ""24"": 21}, ""timeout_count"": 0, ""max_timeouts"": 5, ""completion_reason"": ""Completed all counted rounds."", ""coin_value_dollars"": 0.005}",True,432,,,277.91999999999996,98.0,248.0,150.0,0.3466076696165192,0.7890855457227139,False,False,False,False,0,default,GameTrial,Info,live_websocket,random,24,11,25,25,25,complete,proposer,"{""19"": ""responder"", ""24"": ""proposer""}",5.0,reject,,,"{""round_index"": 25, ""skipped"": false, ""roles"": {""19"": ""responder"", ""24"": ""proposer""}, ""offer"": 5, ""decision"": ""reject"", ""payoffs"": {""19"": 0, ""24"": 0}, ""totals"": {""19"": 29, ""24"": 21}}",21,"{""19"": 29, ""24"": 21}",0,5,Completed all counted rounds.,0.005,batch-061702
{},{},89,2026-06-18 02:00:47,False,,,GameTrial,58,55,,True,58,19,71,ultimatum_trial_maker,"{""flow"": ""live_websocket"", ""transition"": ""random""}",True,False,0.0,0.0,,"{""type"": ""state_update"", ""target_participant_id"": 19, ""group_id"": 11, ""participant_id"": 19, ""round_index"": 25, ""counted_rounds"": 25, ""rounds_required"": 25, ""status"": ""complete"", ""role"": ""responder"", ""roles"": {""19"": ""responder"", ""24"": ""proposer""}, ""offer"": 5, ""decision"": ""reject"", ""deadline"": null, ""feedback_until"": null, ""last_round"": {""round_index"": 25, ""skipped"": false, ""roles"": {""19"": ""responder"", ""24"": ""proposer""}, ""offer"": 5, ""decision"": ""reject"", ""payoffs"": {""19"": 0, ""24"": 0}, ""totals"": {""19"": 29, ""24"": 21}}, ""total_score"": 29, ""totals"": {""19"": 29, ""24"": 21}, ""timeout_count"": 0, ""max_timeouts"": 5, ""completion_reason"": ""Completed all counted rounds."", ""coin_value_dollars"": 0.005}",True,431,,,277.40000000000003,99.0,249.0,150.0,0.3466076696165192,0.7890855457227139,False,False,False,False,0,default,GameTrial,Info,live_websocket,random,19,11,25,25,25,complete,responder,"{""19"": ""responder"", ""24"": ""proposer""}",5.0,reject,,,"{""round_index"": 25, ""skipped"": false, ""roles"": {""19"": ""responder"", ""24"": ""proposer""}, ""offer"": 5, ""decision"": ""reject"", ""payoffs"": {""19"": 0, ""24"": 0}, ""totals"": {""19"": 29, ""24"": 21}}",29,"{""19"": 29, ""24"": 21}",0,5,Completed all counted rounds.,0.005,batch-061702
{},{},94,2026-06-18 02:01:14,False,,,GameTrial,60,56,,True,60,26,77,ultimatum_trial_maker,"{""flow"": ""live_websocket"", ""transition"": ""random""}",True,False,0.0,0.0,,"{""type"": ""state_update"", ""target_participant_id"": 26, ""group_id"": 12, ""participant_id"": 26, ""round_index"": 25, ""counted_rounds"": 25, ""rounds_required"": 25, ""status"": ""complete"", ""role"": ""responder"", ""roles"": {""25"": ""proposer"", ""26"": ""responder""}, ""offer"": 5, ""decision"": ""accept"", ""deadline"": null, ""feedback_until"": null, ""last_round"": {""round_index"": 25, ""skipped"": false, ""roles"": {""25"": ""proposer"", ""26"": ""responder""}, ""offer"": 5, ""decision"": ""accept"", ""payoffs"": {""25"": 5, ""26"": 5}, ""totals"": {""25"": 125, ""26"": 125}}, ""total_score"": 125, ""totals"": {""25"": 125, ""26"": 125}, ""timeout_count"": 0, ""max_timeouts"": 5, ""completion_reason"": ""Completed all counted rounds."", ""coin_value_dollars"": 0.005}",True,457,,,279.77200000000005,98.0,248.0,150.0,0.3466076696165192,0.7890855457227139,False,False,False,False,0,default,GameTrial,Info,live_websocket,random,26,12,25,25,25,complete,responder,"{""25"": ""proposer"", ""26"": ""responder""}",5.0,accept,,,"{""round_index"": 25, ""skipped"": false, ""roles"": {""25"": ""proposer"", ""26"": ""responder""}, ""offer"": 5, ""decision"": ""accept"", ""payoffs"": {""25"": 5, ""26"": 5}, ""totals"": {""25"": 125, ""26"": 125}}",125,"{""25"": 125, ""26"": 125}",0,5,Completed all counted rounds.,0.005,batch-061702
{},{},95,2026-06-18 02:01:14,False,,,GameTrial,60,56,,True,60,25,76,ultimatum_trial_maker,"{""flow"": ""live_websocket"", ""transition"": ""random""}",True,False,0.0,0.0,,"{""type"": ""state_update"", ""target_participant_id"": 25, ""group_id"": 12, ""participant_id"": 25, ""round_index"": 25, ""counted_rounds"": 25, ""rounds_required"": 25, ""status"": ""complete"", ""role"": ""proposer"", ""roles"": {""25"": ""proposer"", ""26"": ""responder""}, ""offer"": 5, ""decision"": ""accept"", ""deadline"": null, ""feedback_until"": null, ""last_round"": {""round_index"": 25, ""skipped"": false, ""roles"": {""25"": ""proposer"", ""26"": ""responder""}, ""offer"": 5, ""decision"": ""accept"", ""payoffs"": {""25"": 5, ""26"": 5}, ""totals"": {""25"": 125, ""26"": 125}}, ""total_score"": 125, ""totals"": {""25"": 125, ""26"": 125}, ""timeout_count"": 0, ""max_timeouts"": 5, ""completion_reason"": ""Completed all counted rounds."", ""coin_value_dollars"": 0.005}",True,458,,,274.503,130.0,280.0,150.0,0.3466076696165192,0.7890855457227139,False,False,False,False,0,default,GameTrial,Info,live_websocket,random,25,12,25,25,25,complete,proposer,"{""25"": ""proposer"", ""26"": ""responder""}",5.0,accept,,,"{""round_index"": 25, ""skipped"": false, ""roles"": {""25"": ""proposer"", ""26"": ""responder""}, ""offer"": 5, ""decision"": ""accept"", ""payoffs"": {""25"": 5, ""26"": 5}, ""totals"": {""25"": 125, ""26"": 125}}",125,"{""25"": 125, ""26"": 125}",0,5,Completed all counted rounds.,0.005,batch-061702
{},{},101,2026-06-18 02:02:05,False,,,GameTrial,61,57,,True,61,27,86,ultimatum_trial_maker,"{""flow"": ""live_websocket"", ""transition"": ""random""}",True,False,0.0,0.0,,"{""type"": ""state_update"", ""target_participant_id"": 27, ""group_id"": 13, ""participant_id"": 27, ""round_index"": 25, ""counted_rounds"": 25, ""rounds_required"": 25, ""status"": ""complete"", ""role"": ""responder"", ""roles"": {""27"": ""responder"", ""28"": ""proposer""}, ""offer"": 5, ""decision"": ""accept"", ""deadline"": null, ""feedback_until"": null, ""last_round"": {""round_index"": 25, ""skipped"": false, ""roles"": {""27"": ""responder"", ""28"": ""proposer""}, ""offer"": 5, ""decision"": ""accept"", ""payoffs"": {""27"": 5, ""28"": 5}, ""totals"": {""27"": 125, ""28"": 125}}, ""total_score"": 125, ""totals"": {""27"": 125, ""28"": 125}, ""timeout_count"": 0, ""max_timeouts"": 5, ""completion_reason"": ""Completed all counted rounds."", ""coin_value_dollars"": 0.005}",True,460,,,230.724,98.0,248.0,150.0,0.3466076696165192,0.7890855457227139,False,False,False,False,0,default,GameTrial,Info,live_websocket,random,27,13,25,25,25,complete,responder,"{""27"": ""responder"", ""28"": ""proposer""}",5.0,accept,,,"{""round_index"": 25, ""skipped"": false, ""roles"": {""27"": ""responder"", ""28"": ""proposer""}, ""offer"": 5, ""decision"": ""accept"", ""payoffs"": {""27"": 5, ""28"": 5}, ""totals"": {""27"": 125, ""28"": 125}}",125,"{""27"": 125, ""28"": 125}",0,5,Completed all counted rounds.,0.005,batch-061702
{},{},102,2026-06-18 02:02:05,False,,,GameTrial,61,57,,True,61,28,84,ultimatum_trial_maker,"{""flow"": ""live_websocket"", ""transition"": ""random""}",True,False,0.0,0.0,,"{""type"": ""state_update"", ""target_participant_id"": 28, ""group_id"": 13, ""participant_id"": 28, ""round_index"": 25, ""counted_rounds"": 25, ""rounds_required"": 25, ""status"": ""complete"", ""role"": ""proposer"", ""roles"": {""27"": ""responder"", ""28"": ""proposer""}, ""offer"": 5, ""decision"": ""accept"", ""deadline"": null, ""feedback_until"": null, ""last_round"": {""round_index"": 25, ""skipped"": false, ""roles"": {""27"": ""responder"", ""28"": ""proposer""}, ""offer"": 5, ""decision"": ""accept"", ""payoffs"": {""27"": 5, ""28"": 5}, ""totals"": {""27"": 125, ""28"": 125}}, ""total_score"": 125, ""totals"": {""27"": 125, ""28"": 125}, ""timeout_count"": 0, ""max_timeouts"": 5, ""completion_reason"": ""Completed all counted rounds."", ""coin_value_dollars"": 0.005}",True,461,,,230.642,106.5,256.5,150.0,0.3466076696165192,0.7890855457227139,False,False,False,False,0,default,GameTrial,Info,live_websocket,random,28,13,25,25,25,complete,proposer,"{""27"": ""responder"", ""28"": ""proposer""}",5.0,accept,,,"{""round_index"": 25, ""skipped"": false, ""roles"": {""27"": ""responder"", ""28"": ""proposer""}, ""offer"": 5, ""decision"": ""accept"", ""payoffs"": {""27"": 5, ""28"": 5}, ""totals"": {""27"": 125, ""28"": 125}}",125,"{""27"": 125, ""28"": 125}",0,5,Completed all counted rounds.,0.005,batch-061702
{},{},106,2026-06-18 02:02:26,False,,,GameTrial,62,58,,True,62,32,89,ultimatum_trial_maker,"{""flow"": ""live_websocket"", ""transition"": ""random""}",True,False,0.0,0.0,,"{""type"": ""state_update"", ""target_participant_id"": 32, ""group_id"": 14, ""participant_id"": 32, ""round_index"": 25, ""counted_rounds"": 25, ""rounds_required"": 25, ""status"": ""complete"", ""role"": ""responder"", ""roles"": {""30"": ""proposer"", ""32"": ""responder""}, ""offer"": 4, ""decision"": ""accept"", ""deadline"": null, ""feedback_until"": null, ""last_round"": {""round_index"": 25, ""skipped"": false, ""roles"": {""30"": ""proposer"", ""32"": ""responder""}, ""offer"": 4, ""decision"": ""accept"", ""payoffs"": {""30"": 6, ""32"": 4}, ""totals"": {""30"": 119, ""32"": 121}}, ""total_score"": 121, ""totals"": {""30"": 119, ""32"": 121}, ""timeout_count"": 0, ""max_timeouts"": 5, ""completion_reason"": ""Completed all counted rounds."", ""coin_value_dollars"": 0.005}",True,515,,,283.41700000000003,98.0,248.0,150.0,0.3466076696165192,0.7890855457227139,False,False,False,False,0,default,GameTrial,Info,live_websocket,random,32,14,25,25,25,complete,responder,"{""30"": ""proposer"", ""32"": ""responder""}",4.0,accept,,,"{""round_index"": 25, ""skipped"": false, ""roles"": {""30"": ""proposer"", ""32"": ""responder""}, ""offer"": 4, ""decision"": ""accept"", ""payoffs"": {""30"": 6, ""32"": 4}, ""totals"": {""30"": 119, ""32"": 121}}",121,"{""30"": 119, ""32"": 121}",0,5,Completed all counted rounds.,0.005,batch-061702
{},{},107,2026-06-18 02:02:26,False,,,GameTrial,62,58,,True,62,30,88,ultimatum_trial_maker,"{""flow"": ""live_websocket"", ""transition"": ""random""}",True,False,0.0,0.0,,"{""type"": ""state_update"", ""target_participant_id"": 30, ""group_id"": 14, ""participant_id"": 30, ""round_index"": 25, ""counted_rounds"": 25, ""rounds_required"": 25, ""status"": ""complete"", ""role"": ""proposer"", ""roles"": {""30"": ""proposer"", ""32"": ""responder""}, ""offer"": 4, ""decision"": ""accept"", ""deadline"": null, ""feedback_until"": null, ""last_round"": {""round_index"": 25, ""skipped"": false, ""roles"": {""30"": ""proposer"", ""32"": ""responder""}, ""offer"": 4, ""decision"": ""accept"", ""payoffs"": {""30"": 6, ""32"": 4}, ""totals"": {""30"": 119, ""32"": 121}}, ""total_score"": 119, ""totals"": {""30"": 119, ""32"": 121}, ""timeout_count"": 0, ""max_timeouts"": 5, ""completion_reason"": ""Completed all counted rounds."", ""coin_value_dollars"": 0.005}",True,516,,,281.848,123.0,273.0,150.0,0.3466076696165192,0.7890855457227139,False,False,False,False,0,default,GameTrial,Info,live_websocket,random,30,14,25,25,25,complete,proposer,"{""30"": ""proposer"", ""32"": ""responder""}",4.0,accept,,,"{""round_index"": 25, ""skipped"": false, ""roles"": {""30"": ""proposer"", ""32"": ""responder""}, ""offer"": 4, ""decision"": ""accept"", ""payoffs"": {""30"": 6, ""32"": 4}, ""totals"": {""30"": 119, ""32"": 121}}",119,"{""30"": 119, ""32"": 121}",0,5,Completed all counted rounds.,0.005,batch-061702
{},{},113,2026-06-18 02:03:07,False,,,GameTrial,64,59,,True,64,31,94,ultimatum_trial_maker,"{""flow"": ""live_websocket"", ""transition"": ""random""}",True,False,0.0,0.0,,"{""type"": ""state_update"", ""target_participant_id"": 31, ""group_id"": 15, ""participant_id"": 31, ""round_index"": 25, ""counted_rounds"": 25, ""rounds_required"": 25, ""status"": ""complete"", ""role"": ""proposer"", ""roles"": {""31"": ""proposer"", ""33"": ""responder""}, ""offer"": 10, ""decision"": ""accept"", ""deadline"": null, ""feedback_until"": null, ""last_round"": {""round_index"": 25, ""skipped"": false, ""roles"": {""31"": ""proposer"", ""33"": ""responder""}, ""offer"": 10, ""decision"": ""accept"", ""payoffs"": {""31"": 0, ""33"": 10}, ""totals"": {""31"": 130, ""33"": 120}}, ""total_score"": 130, ""totals"": {""31"": 130, ""33"": 120}, ""timeout_count"": 0, ""max_timeouts"": 5, ""completion_reason"": ""Completed all counted rounds."", ""coin_value_dollars"": 0.005}",True,503,,,225.709,115.5,265.5,150.0,0.3466076696165192,0.7890855457227139,False,False,False,False,0,default,GameTrial,Info,live_websocket,random,31,15,25,25,25,complete,proposer,"{""31"": ""proposer"", ""33"": ""responder""}",10.0,accept,,,"{""round_index"": 25, ""skipped"": false, ""roles"": {""31"": ""proposer"", ""33"": ""responder""}, ""offer"": 10, ""decision"": ""accept"", ""payoffs"": {""31"": 0, ""33"": 10}, ""totals"": {""31"": 130, ""33"": 120}}",130,"{""31"": 130, ""33"": 120}",0,5,Completed all counted rounds.,0.005,batch-061702
{},{},114,2026-06-18 02:03:07,False,,,GameTrial,64,59,,True,64,33,97,ultimatum_trial_maker,"{""flow"": ""live_websocket"", ""transition"": ""random""}",True,False,0.0,0.0,,"{""type"": ""state_update"", ""target_participant_id"": 33, ""group_id"": 15, ""participant_id"": 33, ""round_index"": 25, ""counted_rounds"": 25, ""rounds_required"": 25, ""status"": ""complete"", ""role"": ""responder"", ""roles"": {""31"": ""proposer"", ""33"": ""responder""}, ""offer"": 10, ""decision"": ""accept"", ""deadline"": null, ""feedback_until"": null, ""last_round"": {""round_index"": 25, ""skipped"": false, ""roles"": {""31"": ""proposer"", ""33"": ""responder""}, ""offer"": 10, ""decision"": ""accept"", ""payoffs"": {""31"": 0, ""33"": 10}, ""totals"": {""31"": 130, ""33"": 120}}, ""total_score"": 120, ""totals"": {""31"": 130, ""33"": 120}, ""timeout_count"": 0, ""max_timeouts"": 5, ""completion_reason"": ""Completed all counted rounds."", ""coin_value_dollars"": 0.005}",True,504,,,224.406,98.0,248.0,150.0,0.3466076696165192,0.7890855457227139,False,False,False,False,0,default,GameTrial,Info,live_websocket,random,33,15,25,25,25,complete,responder,"{""31"": ""proposer"", ""33"": ""responder""}",10.0,accept,,,"{""round_index"": 25, ""skipped"": false, ""roles"": {""31"": ""proposer"", ""33"": ""responder""}, ""offer"": 10, ""decision"": ""accept"", ""payoffs"": {""31"": 0, ""33"": 10}, ""totals"": {""31"": 130, ""33"": 120}}",120,"{""31"": 130, ""33"": 120}",0,5,Completed all counted rounds.,0.005,batch-061702
{},{},117,2026-06-18 02:03:23,False,,,GameTrial,65,60,,True,65,34,102,ultimatum_trial_maker,"{""flow"": ""live_websocket"", ""transition"": ""random""}",True,False,0.0,0.0,,"{""type"": ""state_update"", ""target_participant_id"": 34, ""group_id"": 16, ""participant_id"": 34, ""round_index"": 25, ""counted_rounds"": 25, ""rounds_required"": 25, ""status"": ""complete"", ""role"": ""proposer"", ""roles"": {""29"": ""responder"", ""34"": ""proposer""}, ""offer"": 5, ""decision"": ""accept"", ""deadline"": null, ""feedback_until"": null, ""last_round"": {""round_index"": 25, ""skipped"": false, ""roles"": {""29"": ""responder"", ""34"": ""proposer""}, ""offer"": 5, ""decision"": ""accept"", ""payoffs"": {""29"": 5, ""34"": 5}, ""totals"": {""29"": 139, ""34"": 81}}, ""total_score"": 81, ""totals"": {""29"": 139, ""34"": 81}, ""timeout_count"": 0, ""max_timeouts"": 5, ""completion_reason"": ""Completed all counted rounds."", ""coin_value_dollars"": 0.005}",True,546,,,256.562,98.0,248.0,150.0,0.3466076696165192,0.7890855457227139,False,False,False,False,0,default,GameTrial,Info,live_websocket,random,34,16,25,25,25,complete,proposer,"{""29"": ""responder"", ""34"": ""proposer""}",5.0,accept,,,"{""round_index"": 25, ""skipped"": false, ""roles"": {""29"": ""responder"", ""34"": ""proposer""}, ""offer"": 5, ""decision"": ""accept"", ""payoffs"": {""29"": 5, ""34"": 5}, ""totals"": {""29"": 139, ""34"": 81}}",81,"{""29"": 139, ""34"": 81}",0,5,Completed all counted rounds.,0.005,batch-061702
{},{},118,2026-06-18 02:03:23,False,,,GameTrial,65,60,,True,65,29,100,ultimatum_trial_maker,"{""flow"": ""live_websocket"", ""transition"": ""random""}",True,False,0.0,0.0,,"{""type"": ""state_update"", ""target_participant_id"": 29, ""group_id"": 16, ""participant_id"": 29, ""round_index"": 25, ""counted_rounds"": 25, ""rounds_required"": 25, ""status"": ""complete"", ""role"": ""responder"", ""roles"": {""29"": ""responder"", ""34"": ""proposer""}, ""offer"": 5, ""decision"": ""accept"", ""deadline"": null, ""feedback_until"": null, ""last_round"": {""round_index"": 25, ""skipped"": false, ""roles"": {""29"": ""responder"", ""34"": ""proposer""}, ""offer"": 5, ""decision"": ""accept"", ""payoffs"": {""29"": 5, ""34"": 5}, ""totals"": {""29"": 139, ""34"": 81}}, ""total_score"": 139, ""totals"": {""29"": 139, ""34"": 81}, ""timeout_count"": 0, ""max_timeouts"": 5, ""completion_reason"": ""Completed all counted rounds."", ""coin_value_dollars"": 0.005}",True,545,,,257.64099999999996,107.0,257.0,150.0,0.3466076696165192,0.7890855457227139,False,False,False,False,0,default,GameTrial,Info,live_websocket,random,29,16,25,25,25,complete,responder,"{""29"": ""responder"", ""34"": ""proposer""}",5.0,accept,,,"{""round_index"": 25, ""skipped"": false, ""roles"": {""29"": ""responder"", ""34"": ""proposer""}, ""offer"": 5, ""decision"": ""accept"", ""payoffs"": {""29"": 5, ""34"": 5}, ""totals"": {""29"": 139, ""34"": 81}}",139,"{""29"": 139, ""34"": 81}",0,5,Completed all counted rounds.,0.005,batch-061702
{},{},127,2026-06-18 02:04:17,True,response_timeout,2026-06-18 02:09:27,GameTrial,66,61,,True,66,38,110,ultimatum_trial_maker,"{""flow"": ""live_websocket"", ""transition"": ""random""}",False,False,,,,"{""type"": ""state_update"", ""target_participant_id"": 38, ""group_id"": 17, ""participant_id"": 38, ""round_index"": 25, ""counted_rounds"": 25, ""rounds_required"": 25, ""status"": ""complete"", ""role"": ""proposer"", ""roles"": {""38"": ""proposer"", ""39"": ""responder""}, ""offer"": 5, ""decision"": ""accept"", ""deadline"": null, ""feedback_until"": null, ""last_round"": {""round_index"": 25, ""skipped"": false, ""roles"": {""38"": ""proposer"", ""39"": ""responder""}, ""offer"": 5, ""decision"": ""accept"", ""payoffs"": {""38"": 5, ""39"": 5}, ""totals"": {""38"": 112, ""39"": 108}}, ""total_score"": 112, ""totals"": {""38"": 112, ""39"": 108}, ""timeout_count"": 0, ""max_timeouts"": 5, ""completion_reason"": ""Completed all counted rounds."", ""coin_value_dollars"": 0.005}",True,590,,,311.959,98.0,248.0,150.0,0.3466076696165192,0.7890855457227139,False,False,False,False,0,default,GameTrial,Info,live_websocket,random,38,17,25,25,25,complete,proposer,"{""38"": ""proposer"", ""39"": ""responder""}",5.0,accept,,,"{""round_index"": 25, ""skipped"": false, ""roles"": {""38"": ""proposer"", ""39"": ""responder""}, ""offer"": 5, ""decision"": ""accept"", ""payoffs"": {""38"": 5, ""39"": 5}, ""totals"": {""38"": 112, ""39"": 108}}",112,"{""38"": 112, ""39"": 108}",0,5,Completed all counted rounds.,0.005,batch-061702
{},{},128,2026-06-18 02:04:17,True,response_timeout,2026-06-18 02:09:27,GameTrial,66,61,,True,66,39,109,ultimatum_trial_maker,"{""flow"": ""live_websocket"", ""transition"": ""random""}",False,False,,,,"{""type"": ""state_update"", ""target_participant_id"": 39, ""group_id"": 17, ""participant_id"": 39, ""round_index"": 25, ""counted_rounds"": 25, ""rounds_required"": 25, ""status"": ""complete"", ""role"": ""responder"", ""roles"": {""38"": ""proposer"", ""39"": ""responder""}, ""offer"": 5, ""decision"": ""accept"", ""deadline"": null, ""feedback_until"": null, ""last_round"": {""round_index"": 25, ""skipped"": false, ""roles"": {""38"": ""proposer"", ""39"": ""responder""}, ""offer"": 5, ""decision"": ""accept"", ""payoffs"": {""38"": 5, ""39"": 5}, ""totals"": {""38"": 112, ""39"": 108}}, ""total_score"": 108, ""totals"": {""38"": 112, ""39"": 108}, ""timeout_count"": 0, ""max_timeouts"": 5, ""completion_reason"": ""Completed all counted rounds."", ""coin_value_dollars"": 0.005}",True,589,,,311.65,130.5,280.5,150.0,0.3466076696165192,0.7890855457227139,False,False,False,False,0,default,GameTrial,Info,live_websocket,random,39,17,25,25,25,complete,responder,"{""38"": ""proposer"", ""39"": ""responder""}",5.0,accept,,,"{""round_index"": 25, ""skipped"": false, ""roles"": {""38"": ""proposer"", ""39"": ""responder""}, ""offer"": 5, ""decision"": ""accept"", ""payoffs"": {""38"": 5, ""39"": 5}, ""totals"": {""38"": 112, ""39"": 108}}",108,"{""38"": 112, ""39"": 108}",0,5,Completed all counted rounds.,0.005,batch-061702
{},{},130,2026-06-18 02:04:32,False,,,GameTrial,67,62,,True,67,37,113,ultimatum_trial_maker,"{""flow"": ""live_websocket"", ""transition"": ""random""}",True,False,0.0,0.0,,"{""type"": ""state_update"", ""target_participant_id"": 37, ""group_id"": 18, ""participant_id"": 37, ""round_index"": 25, ""counted_rounds"": 25, ""rounds_required"": 25, ""status"": ""complete"", ""role"": ""proposer"", ""roles"": {""35"": ""responder"", ""37"": ""proposer""}, ""offer"": 5, ""decision"": ""accept"", ""deadline"": null, ""feedback_until"": null, ""last_round"": {""round_index"": 25, ""skipped"": false, ""roles"": {""35"": ""responder"", ""37"": ""proposer""}, ""offer"": 5, ""decision"": ""accept"", ""payoffs"": {""35"": 5, ""37"": 5}, ""totals"": {""35"": 125, ""37"": 125}}, ""total_score"": 125, ""totals"": {""35"": 125, ""37"": 125}, ""timeout_count"": 0, ""max_timeouts"": 5, ""completion_reason"": ""Completed all counted rounds."", ""coin_value_dollars"": 0.005}",True,568,,,240.162,98.0,248.0,150.0,0.3466076696165192,0.7890855457227139,False,False,False,False,0,default,GameTrial,Info,live_websocket,random,37,18,25,25,25,complete,proposer,"{""35"": ""responder"", ""37"": ""proposer""}",5.0,accept,,,"{""round_index"": 25, ""skipped"": false, ""roles"": {""35"": ""responder"", ""37"": ""proposer""}, ""offer"": 5, ""decision"": ""accept"", ""payoffs"": {""35"": 5, ""37"": 5}, ""totals"": {""35"": 125, ""37"": 125}}",125,"{""35"": 125, ""37"": 125}",0,5,Completed all counted rounds.,0.005,batch-061702
{},{},131,2026-06-18 02:04:32,False,,,GameTrial,67,62,,True,67,35,112,ultimatum_trial_maker,"{""flow"": ""live_websocket"", ""transition"": ""random""}",True,False,0.0,0.0,,"{""type"": ""state_update"", ""target_participant_id"": 35, ""group_id"": 18, ""participant_id"": 35, ""round_index"": 25, ""counted_rounds"": 25, ""rounds_required"": 25, ""status"": ""complete"", ""role"": ""responder"", ""roles"": {""35"": ""responder"", ""37"": ""proposer""}, ""offer"": 5, ""decision"": ""accept"", ""deadline"": null, ""feedback_until"": null, ""last_round"": {""round_index"": 25, ""skipped"": false, ""roles"": {""35"": ""responder"", ""37"": ""proposer""}, ""offer"": 5, ""decision"": ""accept"", ""payoffs"": {""35"": 5, ""37"": 5}, ""totals"": {""35"": 125, ""37"": 125}}, ""total_score"": 125, ""totals"": {""35"": 125, ""37"": 125}, ""timeout_count"": 0, ""max_timeouts"": 5, ""completion_reason"": ""Completed all counted rounds."", ""coin_value_dollars"": 0.005}",True,569,,,240.016,107.0,257.0,150.0,0.3466076696165192,0.7890855457227139,False,False,False,False,0,default,GameTrial,Info,live_websocket,random,35,18,25,25,25,complete,responder,"{""35"": ""responder"", ""37"": ""proposer""}",5.0,accept,,,"{""round_index"": 25, ""skipped"": false, ""roles"": {""35"": ""responder"", ""37"": ""proposer""}, ""offer"": 5, ""decision"": ""accept"", ""payoffs"": {""35"": 5, ""37"": 5}, ""totals"": {""35"": 125, ""37"": 125}}",125,"{""35"": 125, ""37"": 125}",0,5,Completed all counted rounds.,0.005,batch-061702
{},{},139,2026-06-18 02:05:24,True,response_timeout,2026-06-18 02:10:27,GameTrial,69,63,,True,69,42,119,ultimatum_trial_maker,"{""flow"": ""live_websocket"", ""transition"": ""random""}",False,False,,,,"{""type"": ""state_update"", ""target_participant_id"": 42, ""group_id"": 19, ""participant_id"": 42, ""round_index"": 20, ""counted_rounds"": 14, ""rounds_required"": 25, ""status"": ""failed"", ""role"": ""responder"", ""roles"": {""36"": ""proposer"", ""42"": ""responder""}, ""offer"": null, ""decision"": null, ""deadline"": null, ""feedback_until"": ""2026-06-18T02:12:21.264951+00:00"", ""last_round"": {""round_index"": 20, ""skipped"": true, ""timeout_role"": ""proposer"", ""roles"": {""36"": ""proposer"", ""42"": ""responder""}, ""offer"": null, ""decision"": ""timeout"", ""payoffs"": {""36"": 0, ""42"": 0}, ""totals"": {""36"": 64, ""42"": 66}}, ""total_score"": 66, ""totals"": {""36"": 64, ""42"": 66}, ""timeout_count"": 6, ""max_timeouts"": 5, ""completion_reason"": ""The pair exceeded the maximum of 5 decision timeouts."", ""coin_value_dollars"": 0.005}",True,665,,,447.752,98.0,248.0,150.0,0.3466076696165192,0.7890855457227139,False,False,False,False,0,default,GameTrial,Info,live_websocket,random,42,19,20,14,25,failed,responder,"{""36"": ""proposer"", ""42"": ""responder""}",,,,2026-06-18T02:12:21.264951+00:00,"{""round_index"": 20, ""skipped"": true, ""timeout_role"": ""proposer"", ""roles"": {""36"": ""proposer"", ""42"": ""responder""}, ""offer"": null, ""decision"": ""timeout"", ""payoffs"": {""36"": 0, ""42"": 0}, ""totals"": {""36"": 64, ""42"": 66}}",66,"{""36"": 64, ""42"": 66}",6,5,The pair exceeded the maximum of 5 decision timeouts.,0.005,batch-061702
{},{},140,2026-06-18 02:05:24,True,response_timeout,2026-06-18 02:10:27,GameTrial,69,63,,True,69,36,118,ultimatum_trial_maker,"{""flow"": ""live_websocket"", ""transition"": ""random""}",False,False,,,,"{""type"": ""state_update"", ""target_participant_id"": 36, ""group_id"": 19, ""participant_id"": 36, ""round_index"": 20, ""counted_rounds"": 14, ""rounds_required"": 25, ""status"": ""failed"", ""role"": ""proposer"", ""roles"": {""36"": ""proposer"", ""42"": ""responder""}, ""offer"": null, ""decision"": null, ""deadline"": null, ""feedback_until"": ""2026-06-18T02:12:21.264951+00:00"", ""last_round"": {""round_index"": 20, ""skipped"": true, ""timeout_role"": ""proposer"", ""roles"": {""36"": ""proposer"", ""42"": ""responder""}, ""offer"": null, ""decision"": ""timeout"", ""payoffs"": {""36"": 0, ""42"": 0}, ""totals"": {""36"": 64, ""42"": 66}}, ""total_score"": 64, ""totals"": {""36"": 64, ""42"": 66}, ""timeout_count"": 6, ""max_timeouts"": 5, ""completion_reason"": ""The pair exceeded the maximum of 5 decision timeouts."", ""coin_value_dollars"": 0.005}",True,663,,,446.334,139.0,289.0,150.0,0.3466076696165192,0.7890855457227139,False,False,False,False,0,default,GameTrial,Info,live_websocket,random,36,19,20,14,25,failed,proposer,"{""36"": ""proposer"", ""42"": ""responder""}",,,,2026-06-18T02:12:21.264951+00:00,"{""round_index"": 20, ""skipped"": true, ""timeout_role"": ""proposer"", ""roles"": {""36"": ""proposer"", ""42"": ""responder""}, ""offer"": null, ""decision"": ""timeout"", ""payoffs"": {""36"": 0, ""42"": 0}, ""totals"": {""36"": 64, ""42"": 66}}",64,"{""36"": 64, ""42"": 66}",6,5,The pair exceeded the maximum of 5 decision timeouts.,0.005,batch-061702
{},{},148,2026-06-18 02:05:53,False,,,GameTrial,71,64,,True,71,43,124,ultimatum_trial_maker,"{""flow"": ""live_websocket"", ""transition"": ""random""}",True,False,0.0,0.0,,"{""type"": ""state_update"", ""target_participant_id"": 43, ""group_id"": 20, ""participant_id"": 43, ""round_index"": 25, ""counted_rounds"": 25, ""rounds_required"": 25, ""status"": ""complete"", ""role"": ""responder"", ""roles"": {""41"": ""proposer"", ""43"": ""responder""}, ""offer"": 5, ""decision"": ""accept"", ""deadline"": null, ""feedback_until"": null, ""last_round"": {""round_index"": 25, ""skipped"": false, ""roles"": {""41"": ""proposer"", ""43"": ""responder""}, ""offer"": 5, ""decision"": ""accept"", ""payoffs"": {""41"": 5, ""43"": 5}, ""totals"": {""41"": 120, ""43"": 120}}, ""total_score"": 120, ""totals"": {""41"": 120, ""43"": 120}, ""timeout_count"": 0, ""max_timeouts"": 5, ""completion_reason"": ""Completed all counted rounds."", ""coin_value_dollars"": 0.005}",True,613,,,250.969,98.0,248.0,150.0,0.3466076696165192,0.7890855457227139,False,False,False,False,0,default,GameTrial,Info,live_websocket,random,43,20,25,25,25,complete,responder,"{""41"": ""proposer"", ""43"": ""responder""}",5.0,accept,,,"{""round_index"": 25, ""skipped"": false, ""roles"": {""41"": ""proposer"", ""43"": ""responder""}, ""offer"": 5, ""decision"": ""accept"", ""payoffs"": {""41"": 5, ""43"": 5}, ""totals"": {""41"": 120, ""43"": 120}}",120,"{""41"": 120, ""43"": 120}",0,5,Completed all counted rounds.,0.005,batch-061702
{},{},149,2026-06-18 02:05:53,False,,,GameTrial,71,64,,True,71,41,123,ultimatum_trial_maker,"{""flow"": ""live_websocket"", ""transition"": ""random""}",True,False,0.0,0.0,,"{""type"": ""state_update"", ""target_participant_id"": 41, ""group_id"": 20, ""participant_id"": 41, ""round_index"": 25, ""counted_rounds"": 25, ""rounds_required"": 25, ""status"": ""complete"", ""role"": ""proposer"", ""roles"": {""41"": ""proposer"", ""43"": ""responder""}, ""offer"": 5, ""decision"": ""accept"", ""deadline"": null, ""feedback_until"": null, ""last_round"": {""round_index"": 25, ""skipped"": false, ""roles"": {""41"": ""proposer"", ""43"": ""responder""}, ""offer"": 5, ""decision"": ""accept"", ""payoffs"": {""41"": 5, ""43"": 5}, ""totals"": {""41"": 120, ""43"": 120}}, ""total_score"": 120, ""totals"": {""41"": 120, ""43"": 120}, ""timeout_count"": 0, ""max_timeouts"": 5, ""completion_reason"": ""Completed all counted rounds."", ""coin_value_dollars"": 0.005}",True,612,,,253.943,131.0,281.0,150.0,0.3466076696165192,0.7890855457227139,False,False,False,False,0,default,GameTrial,Info,live_websocket,random,41,20,25,25,25,complete,proposer,"{""41"": ""proposer"", ""43"": ""responder""}",5.0,accept,,,"{""round_index"": 25, ""skipped"": false, ""roles"": {""41"": ""proposer"", ""43"": ""responder""}, ""offer"": 5, ""decision"": ""accept"", ""payoffs"": {""41"": 5, ""43"": 5}, ""totals"": {""41"": 120, ""43"": 120}}",120,"{""41"": 120, ""43"": 120}",0,5,Completed all counted rounds.,0.005,batch-061702
{},{},168,2026-06-18 02:07:23,False,,,GameTrial,77,65,,True,77,44,131,ultimatum_trial_maker,"{""flow"": ""live_websocket"", ""transition"": ""random""}",True,False,0.0,0.0,,"{""type"": ""state_update"", ""target_participant_id"": 44, ""group_id"": 21, ""participant_id"": 44, ""round_index"": 25, ""counted_rounds"": 25, ""rounds_required"": 25, ""status"": ""complete"", ""role"": ""proposer"", ""roles"": {""44"": ""proposer"", ""45"": ""responder""}, ""offer"": 5, ""decision"": ""accept"", ""deadline"": null, ""feedback_until"": null, ""last_round"": {""round_index"": 25, ""skipped"": false, ""roles"": {""44"": ""proposer"", ""45"": ""responder""}, ""offer"": 5, ""decision"": ""accept"", ""payoffs"": {""44"": 5, ""45"": 5}, ""totals"": {""44"": 115, ""45"": 115}}, ""total_score"": 115, ""totals"": {""44"": 115, ""45"": 115}, ""timeout_count"": 0, ""max_timeouts"": 5, ""completion_reason"": ""Completed all counted rounds."", ""coin_value_dollars"": 0.005}",True,637,,,276.659,234.0,384.0,150.0,0.3466076696165192,0.7890855457227139,False,False,False,False,0,default,GameTrial,Info,live_websocket,random,44,21,25,25,25,complete,proposer,"{""44"": ""proposer"", ""45"": ""responder""}",5.0,accept,,,"{""round_index"": 25, ""skipped"": false, ""roles"": {""44"": ""proposer"", ""45"": ""responder""}, ""offer"": 5, ""decision"": ""accept"", ""payoffs"": {""44"": 5, ""45"": 5}, ""totals"": {""44"": 115, ""45"": 115}}",115,"{""44"": 115, ""45"": 115}",0,5,Completed all counted rounds.,0.005,batch-061702
{},{},169,2026-06-18 02:07:23,False,,,GameTrial,77,65,,True,77,45,130,ultimatum_trial_maker,"{""flow"": ""live_websocket"", ""transition"": ""random""}",True,False,0.0,0.0,,"{""type"": ""state_update"", ""target_participant_id"": 45, ""group_id"": 21, ""participant_id"": 45, ""round_index"": 25, ""counted_rounds"": 25, ""rounds_required"": 25, ""status"": ""complete"", ""role"": ""responder"", ""roles"": {""44"": ""proposer"", ""45"": ""responder""}, ""offer"": 5, ""decision"": ""accept"", ""deadline"": null, ""feedback_until"": null, ""last_round"": {""round_index"": 25, ""skipped"": false, ""roles"": {""44"": ""proposer"", ""45"": ""responder""}, ""offer"": 5, ""decision"": ""accept"", ""payoffs"": {""44"": 5, ""45"": 5}, ""totals"": {""44"": 115, ""45"": 115}}, ""total_score"": 115, ""totals"": {""44"": 115, ""45"": 115}, ""timeout_count"": 0, ""max_timeouts"": 5, ""completion_reason"": ""Completed all counted rounds."", ""coin_value_dollars"": 0.005}",True,638,,,275.65500000000003,98.0,248.0,150.0,0.3466076696165192,0.7890855457227139,False,False,False,False,0,default,GameTrial,Info,live_websocket,random,45,21,25,25,25,complete,responder,"{""44"": ""proposer"", ""45"": ""responder""}",5.0,accept,,,"{""round_index"": 25, ""skipped"": false, ""roles"": {""44"": ""proposer"", ""45"": ""responder""}, ""offer"": 5, ""decision"": ""accept"", ""payoffs"": {""44"": 5, ""45"": 5}, ""totals"": {""44"": 115, ""45"": 115}}",115,"{""44"": 115, ""45"": 115}",0,5,Completed all counted rounds.,0.005,batch-061702
{},{},172,2026-06-18 02:07:43,False,,,GameTrial,78,66,,True,78,47,136,ultimatum_trial_maker,"{""flow"": ""live_websocket"", ""transition"": ""random""}",True,False,0.0,0.0,,"{""type"": ""state_update"", ""target_participant_id"": 47, ""group_id"": 22, ""participant_id"": 47, ""round_index"": 25, ""counted_rounds"": 25, ""rounds_required"": 25, ""status"": ""complete"", ""role"": ""responder"", ""roles"": {""46"": ""proposer"", ""47"": ""responder""}, ""offer"": 0, ""decision"": ""reject"", ""deadline"": null, ""feedback_until"": null, ""last_round"": {""round_index"": 25, ""skipped"": false, ""roles"": {""46"": ""proposer"", ""47"": ""responder""}, ""offer"": 0, ""decision"": ""reject"", ""payoffs"": {""46"": 0, ""47"": 0}, ""totals"": {""46"": 75, ""47"": 75}}, ""total_score"": 75, ""totals"": {""46"": 75, ""47"": 75}, ""timeout_count"": 0, ""max_timeouts"": 5, ""completion_reason"": ""Completed all counted rounds."", ""coin_value_dollars"": 0.005}",True,675,,,335.39500000000004,98.0,248.0,150.0,0.3466076696165192,0.7890855457227139,False,False,False,False,0,default,GameTrial,Info,live_websocket,random,47,22,25,25,25,complete,responder,"{""46"": ""proposer"", ""47"": ""responder""}",0.0,reject,,,"{""round_index"": 25, ""skipped"": false, ""roles"": {""46"": ""proposer"", ""47"": ""responder""}, ""offer"": 0, ""decision"": ""reject"", ""payoffs"": {""46"": 0, ""47"": 0}, ""totals"": {""46"": 75, ""47"": 75}}",75,"{""46"": 75, ""47"": 75}",0,5,Completed all counted rounds.,0.005,batch-061702
{},{},173,2026-06-18 02:07:43,False,,,GameTrial,78,66,,True,78,46,135,ultimatum_trial_maker,"{""flow"": ""live_websocket"", ""transition"": ""random""}",True,False,0.0,0.0,,"{""type"": ""state_update"", ""target_participant_id"": 46, ""group_id"": 22, ""participant_id"": 46, ""round_index"": 25, ""counted_rounds"": 25, ""rounds_required"": 25, ""status"": ""complete"", ""role"": ""proposer"", ""roles"": {""46"": ""proposer"", ""47"": ""responder""}, ""offer"": 0, ""decision"": ""reject"", ""deadline"": null, ""feedback_until"": null, ""last_round"": {""round_index"": 25, ""skipped"": false, ""roles"": {""46"": ""proposer"", ""47"": ""responder""}, ""offer"": 0, ""decision"": ""reject"", ""payoffs"": {""46"": 0, ""47"": 0}, ""totals"": {""46"": 75, ""47"": 75}}, ""total_score"": 75, ""totals"": {""46"": 75, ""47"": 75}, ""timeout_count"": 0, ""max_timeouts"": 5, ""completion_reason"": ""Completed all counted rounds."", ""coin_value_dollars"": 0.005}",True,676,,,332.70099999999996,98.5,248.5,150.0,0.3466076696165192,0.7890855457227139,False,False,False,False,0,default,GameTrial,Info,live_websocket,random,46,22,25,25,25,complete,proposer,"{""46"": ""proposer"", ""47"": ""responder""}",0.0,reject,,,"{""round_index"": 25, ""skipped"": false, ""roles"": {""46"": ""proposer"", ""47"": ""responder""}, ""offer"": 0, ""decision"": ""reject"", ""payoffs"": {""46"": 0, ""47"": 0}, ""totals"": {""46"": 75, ""47"": 75}}",75,"{""46"": 75, ""47"": 75}",0,5,Completed all counted rounds.,0.005,batch-061702
{},{},177,2026-06-18 02:08:57,False,,,GameTrial,81,67,,True,81,48,141,ultimatum_trial_maker,"{""flow"": ""live_websocket"", ""transition"": ""random""}",True,False,0.0,0.0,,"{""type"": ""state_update"", ""target_participant_id"": 48, ""group_id"": 23, ""participant_id"": 48, ""round_index"": 25, ""counted_rounds"": 25, ""rounds_required"": 25, ""status"": ""complete"", ""role"": ""proposer"", ""roles"": {""48"": ""proposer"", ""49"": ""responder""}, ""offer"": 5, ""decision"": ""accept"", ""deadline"": null, ""feedback_until"": null, ""last_round"": {""round_index"": 25, ""skipped"": false, ""roles"": {""48"": ""proposer"", ""49"": ""responder""}, ""offer"": 5, ""decision"": ""accept"", ""payoffs"": {""48"": 5, ""49"": 5}, ""totals"": {""48"": 129, ""49"": 121}}, ""total_score"": 129, ""totals"": {""48"": 129, ""49"": 121}, ""timeout_count"": 0, ""max_timeouts"": 5, ""completion_reason"": ""Completed all counted rounds."", ""coin_value_dollars"": 0.005}",True,679,,,269.41,106.0,256.0,150.0,0.3466076696165192,0.7890855457227139,False,False,False,False,0,default,GameTrial,Info,live_websocket,random,48,23,25,25,25,complete,proposer,"{""48"": ""proposer"", ""49"": ""responder""}",5.0,accept,,,"{""round_index"": 25, ""skipped"": false, ""roles"": {""48"": ""proposer"", ""49"": ""responder""}, ""offer"": 5, ""decision"": ""accept"", ""payoffs"": {""48"": 5, ""49"": 5}, ""totals"": {""48"": 129, ""49"": 121}}",129,"{""48"": 129, ""49"": 121}",0,5,Completed all counted rounds.,0.005,batch-061702
{},{},178,2026-06-18 02:08:57,False,,,GameTrial,81,67,,True,81,49,142,ultimatum_trial_maker,"{""flow"": ""live_websocket"", ""transition"": ""random""}",True,False,0.0,0.0,,"{""type"": ""state_update"", ""target_participant_id"": 49, ""group_id"": 23, ""participant_id"": 49, ""round_index"": 25, ""counted_rounds"": 25, ""rounds_required"": 25, ""status"": ""complete"", ""role"": ""responder"", ""roles"": {""48"": ""proposer"", ""49"": ""responder""}, ""offer"": 5, ""decision"": ""accept"", ""deadline"": null, ""feedback_until"": null, ""last_round"": {""round_index"": 25, ""skipped"": false, ""roles"": {""48"": ""proposer"", ""49"": ""responder""}, ""offer"": 5, ""decision"": ""accept"", ""payoffs"": {""48"": 5, ""49"": 5}, ""totals"": {""48"": 129, ""49"": 121}}, ""total_score"": 121, ""totals"": {""48"": 129, ""49"": 121}, ""timeout_count"": 0, ""max_timeouts"": 5, ""completion_reason"": ""Completed all counted rounds."", ""coin_value_dollars"": 0.005}",True,680,,,270.239,98.0,248.0,150.0,0.3466076696165192,0.7890855457227139,False,False,False,False,0,default,GameTrial,Info,live_websocket,random,49,23,25,25,25,complete,responder,"{""48"": ""proposer"", ""49"": ""responder""}",5.0,accept,,,"{""round_index"": 25, ""skipped"": false, ""roles"": {""48"": ""proposer"", ""49"": ""responder""}, ""offer"": 5, ""decision"": ""accept"", ""payoffs"": {""48"": 5, ""49"": 5}, ""totals"": {""48"": 129, ""49"": 121}}",121,"{""48"": 129, ""49"": 121}",0,5,Completed all counted rounds.,0.005,batch-061702
{},{},181,2026-06-18 02:10:04,False,,,GameTrial,82,68,,True,82,51,146,ultimatum_trial_maker,"{""flow"": ""live_websocket"", ""transition"": ""random""}",True,False,0.0,0.0,,"{""type"": ""state_update"", ""target_participant_id"": 51, ""group_id"": 24, ""participant_id"": 51, ""round_index"": 25, ""counted_rounds"": 25, ""rounds_required"": 25, ""status"": ""complete"", ""role"": ""proposer"", ""roles"": {""50"": ""responder"", ""51"": ""proposer""}, ""offer"": 5, ""decision"": ""accept"", ""deadline"": null, ""feedback_until"": null, ""last_round"": {""round_index"": 25, ""skipped"": false, ""roles"": {""50"": ""responder"", ""51"": ""proposer""}, ""offer"": 5, ""decision"": ""accept"", ""payoffs"": {""50"": 5, ""51"": 5}, ""totals"": {""50"": 125, ""51"": 125}}, ""total_score"": 125, ""totals"": {""50"": 125, ""51"": 125}, ""timeout_count"": 0, ""max_timeouts"": 5, ""completion_reason"": ""Completed all counted rounds."", ""coin_value_dollars"": 0.005}",True,692,,,226.461,98.0,248.0,150.0,0.3466076696165192,0.7890855457227139,False,False,False,False,0,default,GameTrial,Info,live_websocket,random,51,24,25,25,25,complete,proposer,"{""50"": ""responder"", ""51"": ""proposer""}",5.0,accept,,,"{""round_index"": 25, ""skipped"": false, ""roles"": {""50"": ""responder"", ""51"": ""proposer""}, ""offer"": 5, ""decision"": ""accept"", ""payoffs"": {""50"": 5, ""51"": 5}, ""totals"": {""50"": 125, ""51"": 125}}",125,"{""50"": 125, ""51"": 125}",0,5,Completed all counted rounds.,0.005,batch-061702
{},{},182,2026-06-18 02:10:04,False,,,GameTrial,82,68,,True,82,50,145,ultimatum_trial_maker,"{""flow"": ""live_websocket"", ""transition"": ""random""}",True,False,0.0,0.0,,"{""type"": ""state_update"", ""target_participant_id"": 50, ""group_id"": 24, ""participant_id"": 50, ""round_index"": 25, ""counted_rounds"": 25, ""rounds_required"": 25, ""status"": ""complete"", ""role"": ""responder"", ""roles"": {""50"": ""responder"", ""51"": ""proposer""}, ""offer"": 5, ""decision"": ""accept"", ""deadline"": null, ""feedback_until"": null, ""last_round"": {""round_index"": 25, ""skipped"": false, ""roles"": {""50"": ""responder"", ""51"": ""proposer""}, ""offer"": 5, ""decision"": ""accept"", ""payoffs"": {""50"": 5, ""51"": 5}, ""totals"": {""50"": 125, ""51"": 125}}, ""total_score"": 125, ""totals"": {""50"": 125, ""51"": 125}, ""timeout_count"": 0, ""max_timeouts"": 5, ""completion_reason"": ""Completed all counted rounds."", ""coin_value_dollars"": 0.005}",True,693,,,225.891,99.0,249.0,150.0,0.3466076696165192,0.7890855457227139,False,False,False,False,0,default,GameTrial,Info,live_websocket,random,50,24,25,25,25,complete,responder,"{""50"": ""responder"", ""51"": ""proposer""}",5.0,accept,,,"{""round_index"": 25, ""skipped"": false, ""roles"": {""50"": ""responder"", ""51"": ""proposer""}, ""offer"": 5, ""decision"": ""accept"", ""payoffs"": {""50"": 5, ""51"": 5}, ""totals"": {""50"": 125, ""51"": 125}}",125,"{""50"": 125, ""51"": 125}",0,5,Completed all counted rounds.,0.005,batch-061702
{},{},197,2026-06-18 02:12:53,True,response_timeout,2026-06-18 02:18:27,GameTrial,85,69,,True,85,52,153,ultimatum_trial_maker,"{""flow"": ""live_websocket"", ""transition"": ""random""}",False,False,,,,"{""type"": ""state_update"", ""target_participant_id"": 52, ""group_id"": 25, ""participant_id"": 52, ""round_index"": 25, ""counted_rounds"": 25, ""rounds_required"": 25, ""status"": ""complete"", ""role"": ""proposer"", ""roles"": {""52"": ""proposer"", ""53"": ""responder""}, ""offer"": 0, ""decision"": ""accept"", ""deadline"": null, ""feedback_until"": null, ""last_round"": {""round_index"": 25, ""skipped"": false, ""roles"": {""52"": ""proposer"", ""53"": ""responder""}, ""offer"": 0, ""decision"": ""accept"", ""payoffs"": {""52"": 10, ""53"": 0}, ""totals"": {""52"": 120, ""53"": 120}}, ""total_score"": 120, ""totals"": {""52"": 120, ""53"": 120}, ""timeout_count"": 0, ""max_timeouts"": 5, ""completion_reason"": ""Completed all counted rounds."", ""coin_value_dollars"": 0.005}",True,817,,,340.586,194.0,344.0,150.0,0.3466076696165192,0.7890855457227139,False,False,False,False,0,default,GameTrial,Info,live_websocket,random,52,25,25,25,25,complete,proposer,"{""52"": ""proposer"", ""53"": ""responder""}",0.0,accept,,,"{""round_index"": 25, ""skipped"": false, ""roles"": {""52"": ""proposer"", ""53"": ""responder""}, ""offer"": 0, ""decision"": ""accept"", ""payoffs"": {""52"": 10, ""53"": 0}, ""totals"": {""52"": 120, ""53"": 120}}",120,"{""52"": 120, ""53"": 120}",0,5,Completed all counted rounds.,0.005,batch-061702
{},{},198,2026-06-18 02:12:53,True,response_timeout,2026-06-18 02:18:27,GameTrial,85,69,,True,85,53,152,ultimatum_trial_maker,"{""flow"": ""live_websocket"", ""transition"": ""random""}",False,False,,,,"{""type"": ""state_update"", ""target_participant_id"": 53, ""group_id"": 25, ""participant_id"": 53, ""round_index"": 25, ""counted_rounds"": 25, ""rounds_required"": 25, ""status"": ""complete"", ""role"": ""responder"", ""roles"": {""52"": ""proposer"", ""53"": ""responder""}, ""offer"": 0, ""decision"": ""accept"", ""deadline"": null, ""feedback_until"": null, ""last_round"": {""round_index"": 25, ""skipped"": false, ""roles"": {""52"": ""proposer"", ""53"": ""responder""}, ""offer"": 0, ""decision"": ""accept"", ""payoffs"": {""52"": 10, ""53"": 0}, ""totals"": {""52"": 120, ""53"": 120}}, ""total_score"": 120, ""totals"": {""52"": 120, ""53"": 120}, ""timeout_count"": 0, ""max_timeouts"": 5, ""completion_reason"": ""Completed all counted rounds."", ""coin_value_dollars"": 0.005}",True,816,,,341.491,99.5,249.5,150.0,0.3466076696165192,0.7890855457227139,False,False,False,False,0,default,GameTrial,Info,live_websocket,random,53,25,25,25,25,complete,responder,"{""52"": ""proposer"", ""53"": ""responder""}",0.0,accept,,,"{""round_index"": 25, ""skipped"": false, ""roles"": {""52"": ""proposer"", ""53"": ""responder""}, ""offer"": 0, ""decision"": ""accept"", ""payoffs"": {""52"": 10, ""53"": 0}, ""totals"": {""52"": 120, ""53"": 120}}",120,"{""52"": 120, ""53"": 120}",0,5,Completed all counted rounds.,0.005,batch-061702
{},{},206,2026-06-18 02:14:11,False,,,GameTrial,89,70,,True,89,57,164,ultimatum_trial_maker,"{""flow"": ""live_websocket"", ""transition"": ""random""}",True,False,0.0,0.0,,"{""type"": ""state_update"", ""target_participant_id"": 57, ""group_id"": 26, ""participant_id"": 57, ""round_index"": 25, ""counted_rounds"": 25, ""rounds_required"": 25, ""status"": ""complete"", ""role"": ""responder"", ""roles"": {""54"": ""proposer"", ""57"": ""responder""}, ""offer"": 4, ""decision"": ""reject"", ""deadline"": null, ""feedback_until"": null, ""last_round"": {""round_index"": 25, ""skipped"": false, ""roles"": {""54"": ""proposer"", ""57"": ""responder""}, ""offer"": 4, ""decision"": ""reject"", ""payoffs"": {""54"": 0, ""57"": 0}, ""totals"": {""54"": 88, ""57"": 92}}, ""total_score"": 92, ""totals"": {""54"": 88, ""57"": 92}, ""timeout_count"": 0, ""max_timeouts"": 5, ""completion_reason"": ""Completed all counted rounds."", ""coin_value_dollars"": 0.005}",True,800,,,217.175,98.0,248.0,150.0,0.3466076696165192,0.7890855457227139,False,False,False,False,0,default,GameTrial,Info,live_websocket,random,57,26,25,25,25,complete,responder,"{""54"": ""proposer"", ""57"": ""responder""}",4.0,reject,,,"{""round_index"": 25, ""skipped"": false, ""roles"": {""54"": ""proposer"", ""57"": ""responder""}, ""offer"": 4, ""decision"": ""reject"", ""payoffs"": {""54"": 0, ""57"": 0}, ""totals"": {""54"": 88, ""57"": 92}}",92,"{""54"": 88, ""57"": 92}",0,5,Completed all counted rounds.,0.005,batch-061702
{},{},207,2026-06-18 02:14:11,False,,,GameTrial,89,70,,True,89,54,163,ultimatum_trial_maker,"{""flow"": ""live_websocket"", ""transition"": ""random""}",True,False,0.0,0.0,,"{""type"": ""state_update"", ""target_participant_id"": 54, ""group_id"": 26, ""participant_id"": 54, ""round_index"": 25, ""counted_rounds"": 25, ""rounds_required"": 25, ""status"": ""complete"", ""role"": ""proposer"", ""roles"": {""54"": ""proposer"", ""57"": ""responder""}, ""offer"": 4, ""decision"": ""reject"", ""deadline"": null, ""feedback_until"": null, ""last_round"": {""round_index"": 25, ""skipped"": false, ""roles"": {""54"": ""proposer"", ""57"": ""responder""}, ""offer"": 4, ""decision"": ""reject"", ""payoffs"": {""54"": 0, ""57"": 0}, ""totals"": {""54"": 88, ""57"": 92}}, ""total_score"": 88, ""totals"": {""54"": 88, ""57"": 92}, ""timeout_count"": 0, ""max_timeouts"": 5, ""completion_reason"": ""Completed all counted rounds."", ""coin_value_dollars"": 0.005}",True,799,,,217.393,131.0,281.0,150.0,0.3466076696165192,0.7890855457227139,False,False,False,False,0,default,GameTrial,Info,live_websocket,random,54,26,25,25,25,complete,proposer,"{""54"": ""proposer"", ""57"": ""responder""}",4.0,reject,,,"{""round_index"": 25, ""skipped"": false, ""roles"": {""54"": ""proposer"", ""57"": ""responder""}, ""offer"": 4, ""decision"": ""reject"", ""payoffs"": {""54"": 0, ""57"": 0}, ""totals"": {""54"": 88, ""57"": 92}}",88,"{""54"": 88, ""57"": 92}",0,5,Completed all counted rounds.,0.005,batch-061702
{},{},209,2026-06-18 02:14:31,False,,,GameTrial,90,71,,True,90,56,168,ultimatum_trial_maker,"{""flow"": ""live_websocket"", ""transition"": ""random""}",True,False,0.0,0.0,,"{""type"": ""state_update"", ""target_participant_id"": 56, ""group_id"": 27, ""participant_id"": 56, ""round_index"": 25, ""counted_rounds"": 25, ""rounds_required"": 25, ""status"": ""complete"", ""role"": ""proposer"", ""roles"": {""56"": ""proposer"", ""58"": ""responder""}, ""offer"": 5, ""decision"": ""accept"", ""deadline"": null, ""feedback_until"": null, ""last_round"": {""round_index"": 25, ""skipped"": false, ""roles"": {""56"": ""proposer"", ""58"": ""responder""}, ""offer"": 5, ""decision"": ""accept"", ""payoffs"": {""56"": 5, ""58"": 5}, ""totals"": {""56"": 125, ""58"": 125}}, ""total_score"": 125, ""totals"": {""56"": 125, ""58"": 125}, ""timeout_count"": 0, ""max_timeouts"": 5, ""completion_reason"": ""Completed all counted rounds."", ""coin_value_dollars"": 0.005}",True,814,,,237.807,98.0,248.0,150.0,0.3466076696165192,0.7890855457227139,False,False,False,False,0,default,GameTrial,Info,live_websocket,random,56,27,25,25,25,complete,proposer,"{""56"": ""proposer"", ""58"": ""responder""}",5.0,accept,,,"{""round_index"": 25, ""skipped"": false, ""roles"": {""56"": ""proposer"", ""58"": ""responder""}, ""offer"": 5, ""decision"": ""accept"", ""payoffs"": {""56"": 5, ""58"": 5}, ""totals"": {""56"": 125, ""58"": 125}}",125,"{""56"": 125, ""58"": 125}",0,5,Completed all counted rounds.,0.005,batch-061702
{},{},210,2026-06-18 02:14:31,False,,,GameTrial,90,71,,True,90,58,167,ultimatum_trial_maker,"{""flow"": ""live_websocket"", ""transition"": ""random""}",True,False,0.0,0.0,,"{""type"": ""state_update"", ""target_participant_id"": 58, ""group_id"": 27, ""participant_id"": 58, ""round_index"": 25, ""counted_rounds"": 25, ""rounds_required"": 25, ""status"": ""complete"", ""role"": ""responder"", ""roles"": {""56"": ""proposer"", ""58"": ""responder""}, ""offer"": 5, ""decision"": ""accept"", ""deadline"": null, ""feedback_until"": null, ""last_round"": {""round_index"": 25, ""skipped"": false, ""roles"": {""56"": ""proposer"", ""58"": ""responder""}, ""offer"": 5, ""decision"": ""accept"", ""payoffs"": {""56"": 5, ""58"": 5}, ""totals"": {""56"": 125, ""58"": 125}}, ""total_score"": 125, ""totals"": {""56"": 125, ""58"": 125}, ""timeout_count"": 0, ""max_timeouts"": 5, ""completion_reason"": ""Completed all counted rounds."", ""coin_value_dollars"": 0.005}",True,815,,,242.233,99.5,249.5,150.0,0.3466076696165192,0.7890855457227139,False,False,False,False,0,default,GameTrial,Info,live_websocket,random,58,27,25,25,25,complete,responder,"{""56"": ""proposer"", ""58"": ""responder""}",5.0,accept,,,"{""round_index"": 25, ""skipped"": false, ""roles"": {""56"": ""proposer"", ""58"": ""responder""}, ""offer"": 5, ""decision"": ""accept"", ""payoffs"": {""56"": 5, ""58"": 5}, ""totals"": {""56"": 125, ""58"": 125}}",125,"{""56"": 125, ""58"": 125}",0,5,Completed all counted rounds.,0.005,batch-061702
{},{},215,2026-06-18 02:15:08,True,"while_loop:barrier:prepare_trial, UnsuccessfulEndPage, fail_on_timeout->Participant59",2026-06-18 02:20:53,GameTrial,91,72,,True,91,59,172,ultimatum_trial_maker,"{""flow"": ""live_websocket"", ""transition"": ""random""}",True,False,0.0,0.0,,"{""type"": ""state_update"", ""target_participant_id"": 59, ""group_id"": 28, ""participant_id"": 59, ""round_index"": 25, ""counted_rounds"": 25, ""rounds_required"": 25, ""status"": ""complete"", ""role"": ""proposer"", ""roles"": {""55"": ""responder"", ""59"": ""proposer""}, ""offer"": 0, ""decision"": ""accept"", ""deadline"": null, ""feedback_until"": null, ""last_round"": {""round_index"": 25, ""skipped"": false, ""roles"": {""55"": ""responder"", ""59"": ""proposer""}, ""offer"": 0, ""decision"": ""accept"", ""payoffs"": {""55"": 0, ""59"": 10}, ""totals"": {""55"": 120, ""59"": 130}}, ""total_score"": 130, ""totals"": {""55"": 120, ""59"": 130}, ""timeout_count"": 0, ""max_timeouts"": 5, ""completion_reason"": ""Completed all counted rounds."", ""coin_value_dollars"": 0.005}",True,834,,,251.571,106.5,256.5,150.0,0.3466076696165192,0.7890855457227139,False,False,False,False,0,default,GameTrial,Info,live_websocket,random,59,28,25,25,25,complete,proposer,"{""55"": ""responder"", ""59"": ""proposer""}",0.0,accept,,,"{""round_index"": 25, ""skipped"": false, ""roles"": {""55"": ""responder"", ""59"": ""proposer""}, ""offer"": 0, ""decision"": ""accept"", ""payoffs"": {""55"": 0, ""59"": 10}, ""totals"": {""55"": 120, ""59"": 130}}",130,"{""55"": 120, ""59"": 130}",0,5,Completed all counted rounds.,0.005,batch-061702
{},{},216,2026-06-18 02:15:08,False,,,GameTrial,91,72,,True,91,55,173,ultimatum_trial_maker,"{""flow"": ""live_websocket"", ""transition"": ""random""}",True,False,0.0,0.0,,"{""type"": ""state_update"", ""target_participant_id"": 55, ""group_id"": 28, ""participant_id"": 55, ""round_index"": 25, ""counted_rounds"": 25, ""rounds_required"": 25, ""status"": ""complete"", ""role"": ""responder"", ""roles"": {""55"": ""responder"", ""59"": ""proposer""}, ""offer"": 0, ""decision"": ""accept"", ""deadline"": null, ""feedback_until"": null, ""last_round"": {""round_index"": 25, ""skipped"": false, ""roles"": {""55"": ""responder"", ""59"": ""proposer""}, ""offer"": 0, ""decision"": ""accept"", ""payoffs"": {""55"": 0, ""59"": 10}, ""totals"": {""55"": 120, ""59"": 130}}, ""total_score"": 120, ""totals"": {""55"": 120, ""59"": 130}, ""timeout_count"": 0, ""max_timeouts"": 5, ""completion_reason"": ""Completed all counted rounds."", ""coin_value_dollars"": 0.005}",True,833,,,252.239,98.5,248.5,150.0,0.3466076696165192,0.7890855457227139,False,False,False,False,0,default,GameTrial,Info,live_websocket,random,55,28,25,25,25,complete,responder,"{""55"": ""responder"", ""59"": ""proposer""}",0.0,accept,,,"{""round_index"": 25, ""skipped"": false, ""roles"": {""55"": ""responder"", ""59"": ""proposer""}, ""offer"": 0, ""decision"": ""accept"", ""payoffs"": {""55"": 0, ""59"": 10}, ""totals"": {""55"": 120, ""59"": 130}}",120,"{""55"": 120, ""59"": 130}",0,5,Completed all counted rounds.,0.005,batch-061702
{},{},219,2026-06-18 02:15:24,False,,,GameTrial,92,73,,True,92,60,178,ultimatum_trial_maker,"{""flow"": ""live_websocket"", ""transition"": ""random""}",True,False,0.0,0.0,,"{""type"": ""state_update"", ""target_participant_id"": 60, ""group_id"": 29, ""participant_id"": 60, ""round_index"": 25, ""counted_rounds"": 25, ""rounds_required"": 25, ""status"": ""complete"", ""role"": ""responder"", ""roles"": {""60"": ""responder"", ""61"": ""proposer""}, ""offer"": 5, ""decision"": ""accept"", ""deadline"": null, ""feedback_until"": null, ""last_round"": {""round_index"": 25, ""skipped"": false, ""roles"": {""60"": ""responder"", ""61"": ""proposer""}, ""offer"": 5, ""decision"": ""accept"", ""payoffs"": {""60"": 5, ""61"": 5}, ""totals"": {""60"": 125, ""61"": 125}}, ""total_score"": 125, ""totals"": {""60"": 125, ""61"": 125}, ""timeout_count"": 0, ""max_timeouts"": 5, ""completion_reason"": ""Completed all counted rounds."", ""coin_value_dollars"": 0.005}",True,830,,,231.505,98.0,248.0,150.0,0.3466076696165192,0.7890855457227139,False,False,False,False,0,default,GameTrial,Info,live_websocket,random,60,29,25,25,25,complete,responder,"{""60"": ""responder"", ""61"": ""proposer""}",5.0,accept,,,"{""round_index"": 25, ""skipped"": false, ""roles"": {""60"": ""responder"", ""61"": ""proposer""}, ""offer"": 5, ""decision"": ""accept"", ""payoffs"": {""60"": 5, ""61"": 5}, ""totals"": {""60"": 125, ""61"": 125}}",125,"{""60"": 125, ""61"": 125}",0,5,Completed all counted rounds.,0.005,batch-061702
{},{},220,2026-06-18 02:15:24,False,,,GameTrial,92,73,,True,92,61,177,ultimatum_trial_maker,"{""flow"": ""live_websocket"", ""transition"": ""random""}",True,False,0.0,0.0,,"{""type"": ""state_update"", ""target_participant_id"": 61, ""group_id"": 29, ""participant_id"": 61, ""round_index"": 25, ""counted_rounds"": 25, ""rounds_required"": 25, ""status"": ""complete"", ""role"": ""proposer"", ""roles"": {""60"": ""responder"", ""61"": ""proposer""}, ""offer"": 5, ""decision"": ""accept"", ""deadline"": null, ""feedback_until"": null, ""last_round"": {""round_index"": 25, ""skipped"": false, ""roles"": {""60"": ""responder"", ""61"": ""proposer""}, ""offer"": 5, ""decision"": ""accept"", ""payoffs"": {""60"": 5, ""61"": 5}, ""totals"": {""60"": 125, ""61"": 125}}, ""total_score"": 125, ""totals"": {""60"": 125, ""61"": 125}, ""timeout_count"": 0, ""max_timeouts"": 5, ""completion_reason"": ""Completed all counted rounds."", ""coin_value_dollars"": 0.005}",True,829,,,231.826,106.5,256.5,150.0,0.3466076696165192,0.7890855457227139,False,False,False,False,0,default,GameTrial,Info,live_websocket,random,61,29,25,25,25,complete,proposer,"{""60"": ""responder"", ""61"": ""proposer""}",5.0,accept,,,"{""round_index"": 25, ""skipped"": false, ""roles"": {""60"": ""responder"", ""61"": ""proposer""}, ""offer"": 5, ""decision"": ""accept"", ""payoffs"": {""60"": 5, ""61"": 5}, ""totals"": {""60"": 125, ""61"": 125}}",125,"{""60"": 125, ""61"": 125}",0,5,Completed all counted rounds.,0.005,batch-061702
{},{},224,2026-06-18 02:16:52,False,,,GameTrial,93,74,,True,93,62,184,ultimatum_trial_maker,"{""flow"": ""live_websocket"", ""transition"": ""random""}",True,False,0.0,0.0,,"{""type"": ""state_update"", ""target_participant_id"": 62, ""group_id"": 30, ""participant_id"": 62, ""round_index"": 26, ""counted_rounds"": 25, ""rounds_required"": 25, ""status"": ""complete"", ""role"": ""responder"", ""roles"": {""62"": ""responder"", ""65"": ""proposer""}, ""offer"": 5, ""decision"": ""accept"", ""deadline"": null, ""feedback_until"": null, ""last_round"": {""round_index"": 26, ""skipped"": false, ""roles"": {""62"": ""responder"", ""65"": ""proposer""}, ""offer"": 5, ""decision"": ""accept"", ""payoffs"": {""62"": 5, ""65"": 5}, ""totals"": {""62"": 121, ""65"": 129}}, ""total_score"": 121, ""totals"": {""62"": 121, ""65"": 129}, ""timeout_count"": 1, ""max_timeouts"": 5, ""completion_reason"": ""Completed all counted rounds."", ""coin_value_dollars"": 0.005}",True,865,,,267.198,98.0,248.0,150.0,0.3466076696165192,0.7890855457227139,False,False,False,False,0,default,GameTrial,Info,live_websocket,random,62,30,26,25,25,complete,responder,"{""62"": ""responder"", ""65"": ""proposer""}",5.0,accept,,,"{""round_index"": 26, ""skipped"": false, ""roles"": {""62"": ""responder"", ""65"": ""proposer""}, ""offer"": 5, ""decision"": ""accept"", ""payoffs"": {""62"": 5, ""65"": 5}, ""totals"": {""62"": 121, ""65"": 129}}",121,"{""62"": 121, ""65"": 129}",1,5,Completed all counted rounds.,0.005,batch-061702
{},{},225,2026-06-18 02:16:52,False,,,GameTrial,93,74,,True,93,65,183,ultimatum_trial_maker,"{""flow"": ""live_websocket"", ""transition"": ""random""}",True,False,0.0,0.0,,"{""type"": ""state_update"", ""target_participant_id"": 65, ""group_id"": 30, ""participant_id"": 65, ""round_index"": 26, ""counted_rounds"": 25, ""rounds_required"": 25, ""status"": ""complete"", ""role"": ""proposer"", ""roles"": {""62"": ""responder"", ""65"": ""proposer""}, ""offer"": 5, ""decision"": ""accept"", ""deadline"": null, ""feedback_until"": null, ""last_round"": {""round_index"": 26, ""skipped"": false, ""roles"": {""62"": ""responder"", ""65"": ""proposer""}, ""offer"": 5, ""decision"": ""accept"", ""payoffs"": {""62"": 5, ""65"": 5}, ""totals"": {""62"": 121, ""65"": 129}}, ""total_score"": 129, ""totals"": {""62"": 121, ""65"": 129}, ""timeout_count"": 1, ""max_timeouts"": 5, ""completion_reason"": ""Completed all counted rounds."", ""coin_value_dollars"": 0.005}",True,864,,,278.009,109.0,259.0,150.0,0.3466076696165192,0.7890855457227139,False,False,False,False,0,default,GameTrial,Info,live_websocket,random,65,30,26,25,25,complete,proposer,"{""62"": ""responder"", ""65"": ""proposer""}",5.0,accept,,,"{""round_index"": 26, ""skipped"": false, ""roles"": {""62"": ""responder"", ""65"": ""proposer""}, ""offer"": 5, ""decision"": ""accept"", ""payoffs"": {""62"": 5, ""65"": 5}, ""totals"": {""62"": 121, ""65"": 129}}",129,"{""62"": 121, ""65"": 129}",1,5,Completed all counted rounds.,0.005,batch-061702
{},{},231,2026-06-18 02:18:01,True,response_timeout,2026-06-18 02:23:27,GameTrial,95,75,,True,95,63,188,ultimatum_trial_maker,"{""flow"": ""live_websocket"", ""transition"": ""random""}",False,False,,,,"{""type"": ""state_update"", ""target_participant_id"": 63, ""group_id"": 31, ""participant_id"": 63, ""round_index"": 26, ""counted_rounds"": 25, ""rounds_required"": 25, ""status"": ""complete"", ""role"": ""proposer"", ""roles"": {""63"": ""proposer"", ""66"": ""responder""}, ""offer"": 5, ""decision"": ""accept"", ""deadline"": null, ""feedback_until"": null, ""last_round"": {""round_index"": 26, ""skipped"": false, ""roles"": {""63"": ""proposer"", ""66"": ""responder""}, ""offer"": 5, ""decision"": ""accept"", ""payoffs"": {""63"": 5, ""66"": 5}, ""totals"": {""63"": 124, ""66"": 116}}, ""total_score"": 124, ""totals"": {""63"": 124, ""66"": 116}, ""timeout_count"": 1, ""max_timeouts"": 5, ""completion_reason"": ""Completed all counted rounds."", ""coin_value_dollars"": 0.005}",True,875,,,439.031,122.0,272.0,150.0,0.3466076696165192,0.7890855457227139,False,False,False,False,0,default,GameTrial,Info,live_websocket,random,63,31,26,25,25,complete,proposer,"{""63"": ""proposer"", ""66"": ""responder""}",5.0,accept,,,"{""round_index"": 26, ""skipped"": false, ""roles"": {""63"": ""proposer"", ""66"": ""responder""}, ""offer"": 5, ""decision"": ""accept"", ""payoffs"": {""63"": 5, ""66"": 5}, ""totals"": {""63"": 124, ""66"": 116}}",124,"{""63"": 124, ""66"": 116}",1,5,Completed all counted rounds.,0.005,batch-061702
{},{},232,2026-06-18 02:18:01,True,response_timeout,2026-06-18 02:23:27,GameTrial,95,75,,True,95,66,189,ultimatum_trial_maker,"{""flow"": ""live_websocket"", ""transition"": ""random""}",False,False,,,,"{""type"": ""state_update"", ""target_participant_id"": 66, ""group_id"": 31, ""participant_id"": 66, ""round_index"": 26, ""counted_rounds"": 25, ""rounds_required"": 25, ""status"": ""complete"", ""role"": ""responder"", ""roles"": {""63"": ""proposer"", ""66"": ""responder""}, ""offer"": 5, ""decision"": ""accept"", ""deadline"": null, ""feedback_until"": null, ""last_round"": {""round_index"": 26, ""skipped"": false, ""roles"": {""63"": ""proposer"", ""66"": ""responder""}, ""offer"": 5, ""decision"": ""accept"", ""payoffs"": {""63"": 5, ""66"": 5}, ""totals"": {""63"": 124, ""66"": 116}}, ""total_score"": 116, ""totals"": {""63"": 124, ""66"": 116}, ""timeout_count"": 1, ""max_timeouts"": 5, ""completion_reason"": ""Completed all counted rounds."", ""coin_value_dollars"": 0.005}",True,874,,,441.218,98.0,248.0,150.0,0.3466076696165192,0.7890855457227139,False,False,False,False,0,default,GameTrial,Info,live_websocket,random,66,31,26,25,25,complete,responder,"{""63"": ""proposer"", ""66"": ""responder""}",5.0,accept,,,"{""round_index"": 26, ""skipped"": false, ""roles"": {""63"": ""proposer"", ""66"": ""responder""}, ""offer"": 5, ""decision"": ""accept"", ""payoffs"": {""63"": 5, ""66"": 5}, ""totals"": {""63"": 124, ""66"": 116}}",116,"{""63"": 124, ""66"": 116}",1,5,Completed all counted rounds.,0.005,batch-061702
